grain,horizon_weeks,tier,level,lo,hi,width,n,empirical_coverage,coverage_error
division,2,high,0.5,-61.0,13.0,74.0,483,0.5052,0.0052
division,2,high,0.8,-341.0,124.8,465.8,483,0.7971,-0.0029
division,2,high,0.95,-1529.2,606.65,2135.85,483,0.9462,-0.0038
division,2,medium,0.5,-6.0,7.5,13.5,307,0.5016,0.0016
division,2,medium,0.8,-71.0,152.2,223.2,307,0.8013,0.0013
division,2,medium,0.95,-354.65,627.35,982.0,307,0.9479,-0.0021
division,2,low,0.5,-2.0,2.0,4.0,202,0.5099,0.0099
division,2,low,0.8,-22.0,30.7,52.7,202,0.797,-0.003
division,2,low,0.95,-81.8,263.65,345.45,202,0.9406,-0.0094
