date,reason
2023-01-11,not_in_wayback_cdx
2023-01-26,not_in_wayback_cdx
2023-02-16,not_in_wayback_cdx
2024-07-18,not_in_wayback_cdx
2024-07-19,not_in_wayback_cdx
2024-07-20,not_in_wayback_cdx
2024-07-21,not_in_wayback_cdx
2024-07-22,not_in_wayback_cdx
2024-07-23,not_in_wayback_cdx
2025-01-19,ERR
2025-05-22,not_in_wayback_cdx
2025-09-18,not_in_wayback_cdx
2025-09-19,not_in_wayback_cdx
2025-11-12,not_in_wayback_cdx
2025-11-23,not_in_wayback_cdx
2025-11-28,not_in_wayback_cdx
2025-12-06,not_in_wayback_cdx
2025-12-24,not_in_wayback_cdx
2025-12-27,not_in_wayback_cdx
2026-01-07,not_in_wayback_cdx
2026-01-12,not_in_wayback_cdx
2026-01-16,not_in_wayback_cdx
2026-02-02,not_in_wayback_cdx
2026-02-07,not_in_wayback_cdx
2026-02-08,not_in_wayback_cdx
2026-02-20,not_in_wayback_cdx
2026-03-18,not_in_wayback_cdx
2026-03-23,not_in_wayback_cdx
2026-05-02,not_in_wayback_cdx
2026-05-03,not_in_wayback_cdx
2026-05-04,not_in_wayback_cdx
2026-05-24,not_in_wayback_cdx
2026-06-26,not_in_wayback_cdx
2026-07-11,not_in_wayback_cdx
2026-07-12,not_in_wayback_cdx
2026-07-13,not_in_wayback_cdx
2026-07-14,not_in_wayback_cdx
2026-07-15,not_in_wayback_cdx
2026-07-16,not_in_wayback_cdx
2026-07-17,not_in_wayback_cdx
2026-07-18,not_in_wayback_cdx
2026-07-19,not_in_wayback_cdx
2026-07-20,not_in_wayback_cdx
2026-07-21,not_in_wayback_cdx
2026-07-22,not_in_wayback_cdx
2026-07-23,not_in_wayback_cdx
2026-07-24,not_in_wayback_cdx
2026-07-25,not_in_wayback_cdx
2026-07-26,not_in_wayback_cdx
2026-07-27,not_in_wayback_cdx
2026-07-28,not_in_wayback_cdx
2026-07-29,not_in_wayback_cdx
2026-07-30,not_in_wayback_cdx
2026-08-01,not_in_wayback_cdx
2026-08-02,not_in_wayback_cdx
2026-08-03,not_in_wayback_cdx
2026-08-04,not_in_wayback_cdx
2026-08-05,not_in_wayback_cdx
2026-08-06,not_in_wayback_cdx
2026-08-07,not_in_wayback_cdx
2026-08-08,not_in_wayback_cdx
2026-08-09,not_in_wayback_cdx
2026-08-10,not_in_wayback_cdx
2026-08-11,not_in_wayback_cdx
2026-08-12,not_in_wayback_cdx
2026-08-13,not_in_wayback_cdx
2026-08-14,not_in_wayback_cdx
2026-08-15,not_in_wayback_cdx
2026-08-16,not_in_wayback_cdx
2026-08-17,not_in_wayback_cdx
2026-08-18,not_in_wayback_cdx
2026-08-19,not_in_wayback_cdx
2026-08-20,not_in_wayback_cdx
2026-08-21,not_in_wayback_cdx
2026-08-22,not_in_wayback_cdx
2026-08-23,not_in_wayback_cdx
2026-08-24,not_in_wayback_cdx
2026-08-25,not_in_wayback_cdx
2026-08-26,not_in_wayback_cdx
2026-08-27,not_in_wayback_cdx
2026-08-28,not_in_wayback_cdx
2026-08-29,not_in_wayback_cdx
2026-08-30,not_in_wayback_cdx
2026-08-31,not_in_wayback_cdx
2026-09-01,not_in_wayback_cdx
2026-09-02,not_in_wayback_cdx
2026-09-03,not_in_wayback_cdx
