predictor,grain,horizon_weeks,unit,tier,level,n,mean_actual,measured_coverage,coverage_error,quotable
persistence,district,1,Bagerhat,low,0.5,125,15.8,0.52,0.02,True
persistence,district,1,Bagerhat,low,0.8,125,15.8,0.784,-0.016,True
persistence,district,1,Bagerhat,low,0.95,125,15.8,0.96,0.01,True
persistence,district,1,Bandarban,medium,0.5,125,11.54,0.4,-0.1,True
persistence,district,1,Bandarban,medium,0.8,125,11.54,0.824,0.024,True
persistence,district,1,Bandarban,medium,0.95,125,11.54,1.0,0.05,True
persistence,district,1,Barguna,medium,0.5,125,102.3,0.248,-0.252,True
persistence,district,1,Barguna,medium,0.8,125,102.3,0.56,-0.24,True
persistence,district,1,Barguna,medium,0.95,125,102.3,0.8,-0.15,True
persistence,district,1,Barishal,high,0.5,125,125.85,0.392,-0.108,True
persistence,district,1,Barishal,high,0.8,125,125.85,0.72,-0.08,True
persistence,district,1,Barishal,high,0.95,125,125.85,0.88,-0.07,True
persistence,district,1,Bhola,medium,0.5,125,37.83,0.424,-0.076,True
persistence,district,1,Bhola,medium,0.8,125,37.83,0.792,-0.008,True
persistence,district,1,Bhola,medium,0.95,125,37.83,0.928,-0.022,True
persistence,district,1,Bogura,low,0.5,125,19.05,0.528,0.028,True
persistence,district,1,Bogura,low,0.8,125,19.05,0.736,-0.064,True
persistence,district,1,Bogura,low,0.95,125,19.05,0.944,-0.006,True
persistence,district,1,Brahmanbaria,low,0.5,125,16.97,0.392,-0.108,True
persistence,district,1,Brahmanbaria,low,0.8,125,16.97,0.672,-0.128,True
persistence,district,1,Brahmanbaria,low,0.95,125,16.97,0.92,-0.03,True
persistence,district,1,Chandpur,medium,0.5,125,62.76,0.24,-0.26,True
persistence,district,1,Chandpur,medium,0.8,125,62.76,0.68,-0.12,True
persistence,district,1,Chandpur,medium,0.95,125,62.76,0.888,-0.062,True
persistence,district,1,Chapai Nawabganj,low,0.5,125,24.48,0.552,0.052,True
persistence,district,1,Chapai Nawabganj,low,0.8,125,24.48,0.696,-0.104,True
persistence,district,1,Chapai Nawabganj,low,0.95,125,24.48,0.904,-0.046,True
persistence,district,1,Chattogram,high,0.5,125,153.76,0.336,-0.164,True
persistence,district,1,Chattogram,high,0.8,125,153.76,0.648,-0.152,True
persistence,district,1,Chattogram,high,0.95,125,153.76,0.912,-0.038,True
persistence,district,1,Chuadanga,low,0.5,125,8.68,0.672,0.172,True
persistence,district,1,Chuadanga,low,0.8,125,8.68,0.824,0.024,True
persistence,district,1,Chuadanga,low,0.95,125,8.68,0.968,0.018,True
persistence,district,1,Cox's Bazar,high,0.5,125,61.3,0.448,-0.052,True
persistence,district,1,Cox's Bazar,high,0.8,125,61.3,0.824,0.024,True
persistence,district,1,Cox's Bazar,high,0.95,125,61.3,0.976,0.026,True
persistence,district,1,Cumilla,medium,0.5,125,64.1,0.256,-0.244,True
persistence,district,1,Cumilla,medium,0.8,125,64.1,0.648,-0.152,True
persistence,district,1,Cumilla,medium,0.95,125,64.1,0.88,-0.07,True
persistence,district,1,Dhaka,high,0.5,125,1230.93,0.08,-0.42,True
persistence,district,1,Dhaka,high,0.8,125,1230.93,0.36,-0.44,True
persistence,district,1,Dhaka,high,0.95,125,1230.93,0.552,-0.398,True
persistence,district,1,Dinajpur,low,0.5,125,8.57,0.6,0.1,True
persistence,district,1,Dinajpur,low,0.8,125,8.57,0.816,0.016,True
persistence,district,1,Dinajpur,low,0.95,125,8.57,0.968,0.018,True
persistence,district,1,Faridpur,medium,0.5,125,70.82,0.512,0.012,True
persistence,district,1,Faridpur,medium,0.8,125,70.82,0.656,-0.144,True
persistence,district,1,Faridpur,medium,0.95,125,70.82,0.784,-0.166,True
persistence,district,1,Feni,medium,0.5,125,21.72,0.488,-0.012,True
persistence,district,1,Feni,medium,0.8,125,21.72,0.808,0.008,True
persistence,district,1,Feni,medium,0.95,125,21.72,0.968,0.018,True
persistence,district,1,Gaibandha,low,0.5,125,9.87,0.56,0.06,True
persistence,district,1,Gaibandha,low,0.8,125,9.87,0.84,0.04,True
persistence,district,1,Gaibandha,low,0.95,125,9.87,0.976,0.026,True
persistence,district,1,Gazipur,medium,0.5,125,85.35,0.336,-0.164,True
persistence,district,1,Gazipur,medium,0.8,125,85.35,0.592,-0.208,True
persistence,district,1,Gazipur,medium,0.95,125,85.35,0.8,-0.15,True
persistence,district,1,Gopalganj,low,0.5,125,27.86,0.624,0.124,True
persistence,district,1,Gopalganj,low,0.8,125,27.86,0.728,-0.072,True
persistence,district,1,Gopalganj,low,0.95,125,27.86,0.872,-0.078,True
persistence,district,1,Habiganj,low,0.5,125,5.67,0.648,0.148,True
persistence,district,1,Habiganj,low,0.8,125,5.67,0.856,0.056,True
persistence,district,1,Habiganj,low,0.95,125,5.67,1.0,0.05,True
persistence,district,1,Jamalpur,low,0.5,125,20.29,0.448,-0.052,True
persistence,district,1,Jamalpur,low,0.8,125,20.29,0.664,-0.136,True
persistence,district,1,Jamalpur,low,0.95,125,20.29,0.936,-0.014,True
persistence,district,1,Jashore,medium,0.5,125,51.01,0.488,-0.012,True
persistence,district,1,Jashore,medium,0.8,125,51.01,0.688,-0.112,True
persistence,district,1,Jashore,medium,0.95,125,51.01,0.952,0.002,True
persistence,district,1,Jhalokati,low,0.5,125,12.2,0.528,0.028,True
persistence,district,1,Jhalokati,low,0.8,125,12.2,0.72,-0.08,True
persistence,district,1,Jhalokati,low,0.95,125,12.2,0.96,0.01,True
persistence,district,1,Jhenaidah,low,0.5,125,39.15,0.496,-0.004,True
persistence,district,1,Jhenaidah,low,0.8,125,39.15,0.648,-0.152,True
persistence,district,1,Jhenaidah,low,0.95,125,39.15,0.84,-0.11,True
persistence,district,1,Joypurhat,low,0.5,125,2.53,0.72,0.22,True
persistence,district,1,Joypurhat,low,0.8,125,2.53,0.92,0.12,True
persistence,district,1,Joypurhat,low,0.95,125,2.53,1.0,0.05,True
persistence,district,1,Khagrachhari,low,0.5,125,10.22,0.32,-0.18,True
persistence,district,1,Khagrachhari,low,0.8,125,10.22,0.736,-0.064,True
persistence,district,1,Khagrachhari,low,0.95,125,10.22,0.992,0.042,True
persistence,district,1,Khulna,medium,0.5,125,78.62,0.336,-0.164,True
persistence,district,1,Khulna,medium,0.8,125,78.62,0.736,-0.064,True
persistence,district,1,Khulna,medium,0.95,125,78.62,0.864,-0.086,True
persistence,district,1,Kishoreganj,medium,0.5,125,22.91,0.448,-0.052,True
persistence,district,1,Kishoreganj,medium,0.8,125,22.91,0.72,-0.08,True
persistence,district,1,Kishoreganj,medium,0.95,125,22.91,0.952,0.002,True
persistence,district,1,Kurigram,low,0.5,125,6.54,0.656,0.156,True
persistence,district,1,Kurigram,low,0.8,125,6.54,0.84,0.04,True
persistence,district,1,Kurigram,low,0.95,125,6.54,0.992,0.042,True
persistence,district,1,Kushtia,medium,0.5,125,44.91,0.544,0.044,True
persistence,district,1,Kushtia,medium,0.8,125,44.91,0.752,-0.048,True
persistence,district,1,Kushtia,medium,0.95,125,44.91,0.944,-0.006,True
persistence,district,1,Lakshmipur,low,0.5,125,61.33,0.312,-0.188,True
persistence,district,1,Lakshmipur,low,0.8,125,61.33,0.632,-0.168,True
persistence,district,1,Lakshmipur,low,0.95,125,61.33,0.816,-0.134,True
persistence,district,1,Lalmonirhat,low,0.5,125,3.21,0.616,0.116,True
persistence,district,1,Lalmonirhat,low,0.8,125,3.21,0.896,0.096,True
persistence,district,1,Lalmonirhat,low,0.95,125,3.21,1.0,0.05,True
persistence,district,1,Madaripur,medium,0.5,125,54.77,0.24,-0.26,True
persistence,district,1,Madaripur,medium,0.8,125,54.77,0.68,-0.12,True
persistence,district,1,Madaripur,medium,0.95,125,54.77,0.896,-0.054,True
persistence,district,1,Magura,low,0.5,125,44.1,0.464,-0.036,True
persistence,district,1,Magura,low,0.8,125,44.1,0.672,-0.128,True
persistence,district,1,Magura,low,0.95,125,44.1,0.864,-0.086,True
persistence,district,1,Manikganj,medium,0.5,125,124.1,0.464,-0.036,True
persistence,district,1,Manikganj,medium,0.8,125,124.1,0.624,-0.176,True
persistence,district,1,Manikganj,medium,0.95,125,124.1,0.824,-0.126,True
persistence,district,1,Meherpur,low,0.5,125,21.86,0.4,-0.1,True
persistence,district,1,Meherpur,low,0.8,125,21.86,0.72,-0.08,True
persistence,district,1,Meherpur,low,0.95,125,21.86,0.952,0.002,True
persistence,district,1,Moulvibazar,low,0.5,125,1.34,0.728,0.228,True
persistence,district,1,Moulvibazar,low,0.8,125,1.34,0.944,0.144,True
persistence,district,1,Moulvibazar,low,0.95,125,1.34,1.0,0.05,True
persistence,district,1,Munshiganj,low,0.5,125,23.02,0.392,-0.108,True
persistence,district,1,Munshiganj,low,0.8,125,23.02,0.672,-0.128,True
persistence,district,1,Munshiganj,low,0.95,125,23.02,0.856,-0.094,True
persistence,district,1,Mymensingh,medium,0.5,125,40.44,0.44,-0.06,True
persistence,district,1,Mymensingh,medium,0.8,125,40.44,0.752,-0.048,True
persistence,district,1,Mymensingh,medium,0.95,125,40.44,0.92,-0.03,True
persistence,district,1,Naogaon,low,0.5,125,8.46,0.504,0.004,True
persistence,district,1,Naogaon,low,0.8,125,8.46,0.792,-0.008,True
persistence,district,1,Naogaon,low,0.95,125,8.46,1.0,0.05,True
persistence,district,1,Narail,medium,0.5,125,28.38,0.352,-0.148,True
persistence,district,1,Narail,medium,0.8,125,28.38,0.792,-0.008,True
persistence,district,1,Narail,medium,0.95,125,28.38,0.976,0.026,True
persistence,district,1,Narayanganj,medium,0.5,125,40.67,0.456,-0.044,True
persistence,district,1,Narayanganj,medium,0.8,125,40.67,0.672,-0.128,True
persistence,district,1,Narayanganj,medium,0.95,125,40.67,0.896,-0.054,True
persistence,district,1,Narsingdi,low,0.5,125,49.76,0.232,-0.268,True
persistence,district,1,Narsingdi,low,0.8,125,49.76,0.592,-0.208,True
persistence,district,1,Narsingdi,low,0.95,125,49.76,0.856,-0.094,True
persistence,district,1,Natore,low,0.5,125,10.82,0.56,0.06,True
persistence,district,1,Natore,low,0.8,125,10.82,0.776,-0.024,True
persistence,district,1,Natore,low,0.95,125,10.82,0.96,0.01,True
persistence,district,1,Netrokona,low,0.5,125,8.71,0.464,-0.036,True
persistence,district,1,Netrokona,low,0.8,125,8.71,0.752,-0.048,True
persistence,district,1,Netrokona,low,0.95,125,8.71,0.984,0.034,True
persistence,district,1,Nilphamari,low,0.5,125,8.69,0.544,0.044,True
persistence,district,1,Nilphamari,low,0.8,125,8.69,0.824,0.024,True
persistence,district,1,Nilphamari,low,0.95,125,8.69,0.984,0.034,True
persistence,district,1,Noakhali,low,0.5,125,20.62,0.312,-0.188,True
persistence,district,1,Noakhali,low,0.8,125,20.62,0.704,-0.096,True
persistence,district,1,Noakhali,low,0.95,125,20.62,0.936,-0.014,True
persistence,district,1,Pabna,medium,0.5,125,35.24,0.456,-0.044,True
persistence,district,1,Pabna,medium,0.8,125,35.24,0.728,-0.072,True
persistence,district,1,Pabna,medium,0.95,125,35.24,0.952,0.002,True
persistence,district,1,Panchagarh,low,0.5,125,2.31,0.696,0.196,True
persistence,district,1,Panchagarh,low,0.8,125,2.31,0.928,0.128,True
persistence,district,1,Panchagarh,low,0.95,125,2.31,0.992,0.042,True
persistence,district,1,Patuakhali,medium,0.5,125,85.08,0.312,-0.188,True
persistence,district,1,Patuakhali,medium,0.8,125,85.08,0.6,-0.2,True
persistence,district,1,Patuakhali,medium,0.95,125,85.08,0.84,-0.11,True
persistence,district,1,Pirojpur,medium,0.5,125,71.74,0.288,-0.212,True
persistence,district,1,Pirojpur,medium,0.8,125,71.74,0.656,-0.144,True
persistence,district,1,Pirojpur,medium,0.95,125,71.74,0.904,-0.046,True
persistence,district,1,Rajbari,low,0.5,125,35.06,0.48,-0.02,True
persistence,district,1,Rajbari,low,0.8,125,35.06,0.688,-0.112,True
persistence,district,1,Rajbari,low,0.95,125,35.06,0.888,-0.062,True
persistence,district,1,Rajshahi,medium,0.5,125,51.12,0.64,0.14,True
persistence,district,1,Rajshahi,medium,0.8,125,51.12,0.8,0.0,True
persistence,district,1,Rajshahi,medium,0.95,125,51.12,0.888,-0.062,True
persistence,district,1,Rangamati,low,0.5,125,5.34,0.528,0.028,True
persistence,district,1,Rangamati,low,0.8,125,5.34,0.872,0.072,True
persistence,district,1,Rangamati,low,0.95,125,5.34,0.984,0.034,True
persistence,district,1,Rangpur,low,0.5,125,11.5,0.632,0.132,True
persistence,district,1,Rangpur,low,0.8,125,11.5,0.768,-0.032,True
persistence,district,1,Rangpur,low,0.95,125,11.5,0.952,0.002,True
persistence,district,1,Satkhira,low,0.5,125,14.48,0.472,-0.028,True
persistence,district,1,Satkhira,low,0.8,125,14.48,0.792,-0.008,True
persistence,district,1,Satkhira,low,0.95,125,14.48,0.96,0.01,True
persistence,district,1,Shariatpur,low,0.5,125,29.42,0.504,0.004,True
persistence,district,1,Shariatpur,low,0.8,125,29.42,0.672,-0.128,True
persistence,district,1,Shariatpur,low,0.95,125,29.42,0.88,-0.07,True
persistence,district,1,Sherpur,low,0.5,125,12.94,0.504,0.004,True
persistence,district,1,Sherpur,low,0.8,125,12.94,0.768,-0.032,True
persistence,district,1,Sherpur,low,0.95,125,12.94,0.96,0.01,True
persistence,district,1,Sirajganj,low,0.5,125,39.43,0.4,-0.1,True
persistence,district,1,Sirajganj,low,0.8,125,39.43,0.664,-0.136,True
persistence,district,1,Sirajganj,low,0.95,125,39.43,0.88,-0.07,True
persistence,district,1,Sunamganj,low,0.5,125,1.06,0.8,0.3,True
persistence,district,1,Sunamganj,low,0.8,125,1.06,0.936,0.136,True
persistence,district,1,Sunamganj,low,0.95,125,1.06,1.0,0.05,True
persistence,district,1,Sylhet,low,0.5,125,6.59,0.528,0.028,True
persistence,district,1,Sylhet,low,0.8,125,6.59,0.864,0.064,True
persistence,district,1,Sylhet,low,0.95,125,6.59,0.992,0.042,True
persistence,district,1,Tangail,low,0.5,125,34.3,0.456,-0.044,True
persistence,district,1,Tangail,low,0.8,125,34.3,0.632,-0.168,True
persistence,district,1,Tangail,low,0.95,125,34.3,0.856,-0.094,True
persistence,district,1,Thakurgaon,low,0.5,125,3.18,0.68,0.18,True
persistence,district,1,Thakurgaon,low,0.8,125,3.18,0.928,0.128,True
persistence,district,1,Thakurgaon,low,0.95,125,3.18,1.0,0.05,True
persistence,district,2,Bagerhat,low,0.5,124,15.84,0.5242,0.0242,True
persistence,district,2,Bagerhat,low,0.8,124,15.84,0.7984,-0.0016,True
persistence,district,2,Bagerhat,low,0.95,124,15.84,0.9597,0.0097,True
persistence,district,2,Bandarban,medium,0.5,124,11.58,0.4758,-0.0242,True
persistence,district,2,Bandarban,medium,0.8,124,11.58,0.8468,0.0468,True
persistence,district,2,Bandarban,medium,0.95,124,11.58,1.0,0.05,True
persistence,district,2,Barguna,medium,0.5,124,104.01,0.2177,-0.2823,True
persistence,district,2,Barguna,medium,0.8,124,104.01,0.4919,-0.3081,True
persistence,district,2,Barguna,medium,0.95,124,104.01,0.7984,-0.1516,True
persistence,district,2,Barishal,high,0.5,124,125.71,0.3468,-0.1532,True
persistence,district,2,Barishal,high,0.8,124,125.71,0.6935,-0.1065,True
persistence,district,2,Barishal,high,0.95,124,125.71,0.871,-0.079,True
persistence,district,2,Bhola,medium,0.5,124,37.99,0.3952,-0.1048,True
persistence,district,2,Bhola,medium,0.8,124,37.99,0.7742,-0.0258,True
persistence,district,2,Bhola,medium,0.95,124,37.99,0.8952,-0.0548,True
persistence,district,2,Bogura,low,0.5,124,18.64,0.5403,0.0403,True
persistence,district,2,Bogura,low,0.8,124,18.64,0.7661,-0.0339,True
persistence,district,2,Bogura,low,0.95,124,18.64,0.9355,-0.0145,True
persistence,district,2,Brahmanbaria,low,0.5,124,16.93,0.371,-0.129,True
persistence,district,2,Brahmanbaria,low,0.8,124,16.93,0.7661,-0.0339,True
persistence,district,2,Brahmanbaria,low,0.95,124,16.93,0.9516,0.0016,True
persistence,district,2,Chandpur,medium,0.5,124,62.42,0.2419,-0.2581,True
persistence,district,2,Chandpur,medium,0.8,124,62.42,0.5968,-0.2032,True
persistence,district,2,Chandpur,medium,0.95,124,62.42,0.8871,-0.0629,True
persistence,district,2,Chapai Nawabganj,low,0.5,124,24.79,0.5161,0.0161,True
persistence,district,2,Chapai Nawabganj,low,0.8,124,24.79,0.7177,-0.0823,True
persistence,district,2,Chapai Nawabganj,low,0.95,124,24.79,0.879,-0.071,True
persistence,district,2,Chattogram,high,0.5,124,153.06,0.2903,-0.2097,True
persistence,district,2,Chattogram,high,0.8,124,153.06,0.5806,-0.2194,True
persistence,district,2,Chattogram,high,0.95,124,153.06,0.8871,-0.0629,True
persistence,district,2,Chuadanga,low,0.5,124,8.73,0.6532,0.1532,True
persistence,district,2,Chuadanga,low,0.8,124,8.73,0.8387,0.0387,True
persistence,district,2,Chuadanga,low,0.95,124,8.73,0.9839,0.0339,True
persistence,district,2,Cox's Bazar,high,0.5,124,60.04,0.3387,-0.1613,True
persistence,district,2,Cox's Bazar,high,0.8,124,60.04,0.75,-0.05,True
persistence,district,2,Cox's Bazar,high,0.95,124,60.04,0.9758,0.0258,True
persistence,district,2,Cumilla,medium,0.5,124,64.48,0.25,-0.25,True
persistence,district,2,Cumilla,medium,0.8,124,64.48,0.6048,-0.1952,True
persistence,district,2,Cumilla,medium,0.95,124,64.48,0.879,-0.071,True
persistence,district,2,Dhaka,high,0.5,124,1219.56,0.0887,-0.4113,True
persistence,district,2,Dhaka,high,0.8,124,1219.56,0.3306,-0.4694,True
persistence,district,2,Dhaka,high,0.95,124,1219.56,0.5403,-0.4097,True
persistence,district,2,Dinajpur,low,0.5,124,8.26,0.5726,0.0726,True
persistence,district,2,Dinajpur,low,0.8,124,8.26,0.8145,0.0145,True
persistence,district,2,Dinajpur,low,0.95,124,8.26,0.9516,0.0016,True
persistence,district,2,Faridpur,medium,0.5,124,70.69,0.5403,0.0403,True
persistence,district,2,Faridpur,medium,0.8,124,70.69,0.6613,-0.1387,True
persistence,district,2,Faridpur,medium,0.95,124,70.69,0.7984,-0.1516,True
persistence,district,2,Feni,medium,0.5,124,21.58,0.5081,0.0081,True
persistence,district,2,Feni,medium,0.8,124,21.58,0.8145,0.0145,True
persistence,district,2,Feni,medium,0.95,124,21.58,0.9758,0.0258,True
persistence,district,2,Gaibandha,low,0.5,124,9.94,0.5565,0.0565,True
persistence,district,2,Gaibandha,low,0.8,124,9.94,0.8306,0.0306,True
persistence,district,2,Gaibandha,low,0.95,124,9.94,0.9758,0.0258,True
persistence,district,2,Gazipur,medium,0.5,124,85.49,0.3145,-0.1855,True
persistence,district,2,Gazipur,medium,0.8,124,85.49,0.6048,-0.1952,True
persistence,district,2,Gazipur,medium,0.95,124,85.49,0.8306,-0.1194,True
persistence,district,2,Gopalganj,low,0.5,124,27.97,0.6129,0.1129,True
persistence,district,2,Gopalganj,low,0.8,124,27.97,0.7097,-0.0903,True
persistence,district,2,Gopalganj,low,0.95,124,27.97,0.8468,-0.1032,True
persistence,district,2,Habiganj,low,0.5,124,5.58,0.6371,0.1371,True
persistence,district,2,Habiganj,low,0.8,124,5.58,0.8548,0.0548,True
persistence,district,2,Habiganj,low,0.95,124,5.58,1.0,0.05,True
persistence,district,2,Jamalpur,low,0.5,124,20.01,0.4194,-0.0806,True
persistence,district,2,Jamalpur,low,0.8,124,20.01,0.7177,-0.0823,True
persistence,district,2,Jamalpur,low,0.95,124,20.01,0.9435,-0.0065,True
persistence,district,2,Jashore,medium,0.5,124,50.94,0.4839,-0.0161,True
persistence,district,2,Jashore,medium,0.8,124,50.94,0.6935,-0.1065,True
persistence,district,2,Jashore,medium,0.95,124,50.94,0.9516,0.0016,True
persistence,district,2,Jhalokati,low,0.5,124,12.37,0.5081,0.0081,True
persistence,district,2,Jhalokati,low,0.8,124,12.37,0.8065,0.0065,True
persistence,district,2,Jhalokati,low,0.95,124,12.37,0.9597,0.0097,True
persistence,district,2,Jhenaidah,low,0.5,124,39.41,0.4597,-0.0403,True
persistence,district,2,Jhenaidah,low,0.8,124,39.41,0.6935,-0.1065,True
persistence,district,2,Jhenaidah,low,0.95,124,39.41,0.879,-0.071,True
persistence,district,2,Joypurhat,low,0.5,124,2.48,0.6774,0.1774,True
persistence,district,2,Joypurhat,low,0.8,124,2.48,0.9355,0.1355,True
persistence,district,2,Joypurhat,low,0.95,124,2.48,1.0,0.05,True
persistence,district,2,Khagrachhari,low,0.5,124,10.21,0.371,-0.129,True
persistence,district,2,Khagrachhari,low,0.8,124,10.21,0.8065,0.0065,True
persistence,district,2,Khagrachhari,low,0.95,124,10.21,0.9919,0.0419,True
persistence,district,2,Khulna,medium,0.5,124,77.52,0.3871,-0.1129,True
persistence,district,2,Khulna,medium,0.8,124,77.52,0.7016,-0.0984,True
persistence,district,2,Khulna,medium,0.95,124,77.52,0.8387,-0.1113,True
persistence,district,2,Kishoreganj,medium,0.5,124,22.61,0.4597,-0.0403,True
persistence,district,2,Kishoreganj,medium,0.8,124,22.61,0.7339,-0.0661,True
persistence,district,2,Kishoreganj,medium,0.95,124,22.61,0.9597,0.0097,True
persistence,district,2,Kurigram,low,0.5,124,6.54,0.6774,0.1774,True
persistence,district,2,Kurigram,low,0.8,124,6.54,0.8952,0.0952,True
persistence,district,2,Kurigram,low,0.95,124,6.54,1.0,0.05,True
persistence,district,2,Kushtia,medium,0.5,124,44.61,0.5161,0.0161,True
persistence,district,2,Kushtia,medium,0.8,124,44.61,0.6935,-0.1065,True
persistence,district,2,Kushtia,medium,0.95,124,44.61,0.9274,-0.0226,True
persistence,district,2,Lakshmipur,low,0.5,124,61.89,0.2742,-0.2258,True
persistence,district,2,Lakshmipur,low,0.8,124,61.89,0.6855,-0.1145,True
persistence,district,2,Lakshmipur,low,0.95,124,61.89,0.8306,-0.1194,True
persistence,district,2,Lalmonirhat,low,0.5,124,3.23,0.6371,0.1371,True
persistence,district,2,Lalmonirhat,low,0.8,124,3.23,0.9194,0.1194,True
persistence,district,2,Lalmonirhat,low,0.95,124,3.23,1.0,0.05,True
persistence,district,2,Madaripur,medium,0.5,124,54.86,0.3226,-0.1774,True
persistence,district,2,Madaripur,medium,0.8,124,54.86,0.7097,-0.0903,True
persistence,district,2,Madaripur,medium,0.95,124,54.86,0.871,-0.079,True
persistence,district,2,Magura,low,0.5,124,44.43,0.4194,-0.0806,True
persistence,district,2,Magura,low,0.8,124,44.43,0.6774,-0.1226,True
persistence,district,2,Magura,low,0.95,124,44.43,0.8629,-0.0871,True
persistence,district,2,Manikganj,medium,0.5,124,124.22,0.4677,-0.0323,True
persistence,district,2,Manikganj,medium,0.8,124,124.22,0.6452,-0.1548,True
persistence,district,2,Manikganj,medium,0.95,124,124.22,0.8065,-0.1435,True
persistence,district,2,Meherpur,low,0.5,124,21.67,0.4597,-0.0403,True
persistence,district,2,Meherpur,low,0.8,124,21.67,0.7419,-0.0581,True
persistence,district,2,Meherpur,low,0.95,124,21.67,0.9435,-0.0065,True
persistence,district,2,Moulvibazar,low,0.5,124,1.23,0.7177,0.2177,True
persistence,district,2,Moulvibazar,low,0.8,124,1.23,0.9839,0.1839,True
persistence,district,2,Moulvibazar,low,0.95,124,1.23,1.0,0.05,True
persistence,district,2,Munshiganj,low,0.5,124,23.0,0.3952,-0.1048,True
persistence,district,2,Munshiganj,low,0.8,124,23.0,0.6855,-0.1145,True
persistence,district,2,Munshiganj,low,0.95,124,23.0,0.9113,-0.0387,True
persistence,district,2,Mymensingh,medium,0.5,124,39.99,0.4919,-0.0081,True
persistence,district,2,Mymensingh,medium,0.8,124,39.99,0.75,-0.05,True
persistence,district,2,Mymensingh,medium,0.95,124,39.99,0.9113,-0.0387,True
persistence,district,2,Naogaon,low,0.5,124,8.51,0.5242,0.0242,True
persistence,district,2,Naogaon,low,0.8,124,8.51,0.8145,0.0145,True
persistence,district,2,Naogaon,low,0.95,124,8.51,1.0,0.05,True
persistence,district,2,Narail,medium,0.5,124,28.46,0.3548,-0.1452,True
persistence,district,2,Narail,medium,0.8,124,28.46,0.7984,-0.0016,True
persistence,district,2,Narail,medium,0.95,124,28.46,0.9758,0.0258,True
persistence,district,2,Narayanganj,medium,0.5,124,40.66,0.4677,-0.0323,True
persistence,district,2,Narayanganj,medium,0.8,124,40.66,0.6532,-0.1468,True
persistence,district,2,Narayanganj,medium,0.95,124,40.66,0.8952,-0.0548,True
persistence,district,2,Narsingdi,low,0.5,124,49.31,0.2016,-0.2984,True
persistence,district,2,Narsingdi,low,0.8,124,49.31,0.6371,-0.1629,True
persistence,district,2,Narsingdi,low,0.95,124,49.31,0.8226,-0.1274,True
persistence,district,2,Natore,low,0.5,124,11.04,0.5242,0.0242,True
persistence,district,2,Natore,low,0.8,124,11.04,0.8387,0.0387,True
persistence,district,2,Natore,low,0.95,124,11.04,0.9758,0.0258,True
persistence,district,2,Netrokona,low,0.5,124,8.69,0.4677,-0.0323,True
persistence,district,2,Netrokona,low,0.8,124,8.69,0.8468,0.0468,True
persistence,district,2,Netrokona,low,0.95,124,8.69,0.9919,0.0419,True
persistence,district,2,Nilphamari,low,0.5,124,8.86,0.5,0.0,True
persistence,district,2,Nilphamari,low,0.8,124,8.86,0.7903,-0.0097,True
persistence,district,2,Nilphamari,low,0.95,124,8.86,0.9839,0.0339,True
persistence,district,2,Noakhali,low,0.5,124,20.54,0.3145,-0.1855,True
persistence,district,2,Noakhali,low,0.8,124,20.54,0.7419,-0.0581,True
persistence,district,2,Noakhali,low,0.95,124,20.54,0.9194,-0.0306,True
persistence,district,2,Pabna,medium,0.5,124,35.35,0.5081,0.0081,True
persistence,district,2,Pabna,medium,0.8,124,35.35,0.7177,-0.0823,True
persistence,district,2,Pabna,medium,0.95,124,35.35,0.9516,0.0016,True
persistence,district,2,Panchagarh,low,0.5,124,2.28,0.6532,0.1532,True
persistence,district,2,Panchagarh,low,0.8,124,2.28,0.9435,0.1435,True
persistence,district,2,Panchagarh,low,0.95,124,2.28,1.0,0.05,True
persistence,district,2,Patuakhali,medium,0.5,124,86.02,0.3226,-0.1774,True
persistence,district,2,Patuakhali,medium,0.8,124,86.02,0.6048,-0.1952,True
persistence,district,2,Patuakhali,medium,0.95,124,86.02,0.8065,-0.1435,True
persistence,district,2,Pirojpur,medium,0.5,124,72.24,0.2742,-0.2258,True
persistence,district,2,Pirojpur,medium,0.8,124,72.24,0.6613,-0.1387,True
persistence,district,2,Pirojpur,medium,0.95,124,72.24,0.871,-0.079,True
persistence,district,2,Rajbari,low,0.5,124,35.29,0.4516,-0.0484,True
persistence,district,2,Rajbari,low,0.8,124,35.29,0.7581,-0.0419,True
persistence,district,2,Rajbari,low,0.95,124,35.29,0.879,-0.071,True
persistence,district,2,Rajshahi,medium,0.5,124,51.04,0.629,0.129,True
persistence,district,2,Rajshahi,medium,0.8,124,51.04,0.7661,-0.0339,True
persistence,district,2,Rajshahi,medium,0.95,124,51.04,0.9032,-0.0468,True
persistence,district,2,Rangamati,low,0.5,124,5.41,0.4839,-0.0161,True
persistence,district,2,Rangamati,low,0.8,124,5.41,0.8548,0.0548,True
persistence,district,2,Rangamati,low,0.95,124,5.41,0.9919,0.0419,True
persistence,district,2,Rangpur,low,0.5,124,11.46,0.5968,0.0968,True
persistence,district,2,Rangpur,low,0.8,124,11.46,0.7823,-0.0177,True
persistence,district,2,Rangpur,low,0.95,124,11.46,0.9516,0.0016,True
persistence,district,2,Satkhira,low,0.5,124,14.33,0.4677,-0.0323,True
persistence,district,2,Satkhira,low,0.8,124,14.33,0.7742,-0.0258,True
persistence,district,2,Satkhira,low,0.95,124,14.33,0.9435,-0.0065,True
persistence,district,2,Shariatpur,low,0.5,124,29.48,0.4355,-0.0645,True
persistence,district,2,Shariatpur,low,0.8,124,29.48,0.7097,-0.0903,True
persistence,district,2,Shariatpur,low,0.95,124,29.48,0.879,-0.071,True
persistence,district,2,Sherpur,low,0.5,124,12.79,0.4435,-0.0565,True
persistence,district,2,Sherpur,low,0.8,124,12.79,0.7823,-0.0177,True
persistence,district,2,Sherpur,low,0.95,124,12.79,0.9597,0.0097,True
persistence,district,2,Sirajganj,low,0.5,124,39.6,0.3952,-0.1048,True
persistence,district,2,Sirajganj,low,0.8,124,39.6,0.7177,-0.0823,True
persistence,district,2,Sirajganj,low,0.95,124,39.6,0.871,-0.079,True
persistence,district,2,Sunamganj,low,0.5,124,1.04,0.7742,0.2742,True
persistence,district,2,Sunamganj,low,0.8,124,1.04,0.9758,0.1758,True
persistence,district,2,Sunamganj,low,0.95,124,1.04,1.0,0.05,True
persistence,district,2,Sylhet,low,0.5,124,6.57,0.5161,0.0161,True
persistence,district,2,Sylhet,low,0.8,124,6.57,0.871,0.071,True
persistence,district,2,Sylhet,low,0.95,124,6.57,0.9919,0.0419,True
persistence,district,2,Tangail,low,0.5,124,33.55,0.4194,-0.0806,True
persistence,district,2,Tangail,low,0.8,124,33.55,0.5887,-0.2113,True
persistence,district,2,Tangail,low,0.95,124,33.55,0.7984,-0.1516,True
persistence,district,2,Thakurgaon,low,0.5,124,3.28,0.7016,0.2016,True
persistence,district,2,Thakurgaon,low,0.8,124,3.28,0.9274,0.1274,True
persistence,district,2,Thakurgaon,low,0.95,124,3.28,0.9919,0.0419,True
persistence,district,4,Bagerhat,low,0.5,123,15.71,0.5041,0.0041,True
persistence,district,4,Bagerhat,low,0.8,123,15.71,0.8049,0.0049,True
persistence,district,4,Bagerhat,low,0.95,123,15.71,0.935,-0.015,True
persistence,district,4,Bandarban,medium,0.5,123,11.13,0.4309,-0.0691,True
persistence,district,4,Bandarban,medium,0.8,123,11.13,0.8943,0.0943,True
persistence,district,4,Bandarban,medium,0.95,123,11.13,1.0,0.05,True
persistence,district,4,Barguna,medium,0.5,123,106.6,0.1789,-0.3211,True
persistence,district,4,Barguna,medium,0.8,123,106.6,0.5041,-0.2959,True
persistence,district,4,Barguna,medium,0.95,123,106.6,0.8049,-0.1451,True
persistence,district,4,Barishal,high,0.5,123,124.71,0.3089,-0.1911,True
persistence,district,4,Barishal,high,0.8,123,124.71,0.6667,-0.1333,True
persistence,district,4,Barishal,high,0.95,123,124.71,0.8699,-0.0801,True
persistence,district,4,Bhola,medium,0.5,123,37.59,0.3902,-0.1098,True
persistence,district,4,Bhola,medium,0.8,123,37.59,0.748,-0.052,True
persistence,district,4,Bhola,medium,0.95,123,37.59,0.9024,-0.0476,True
persistence,district,4,Bogura,low,0.5,123,18.24,0.5285,0.0285,True
persistence,district,4,Bogura,low,0.8,123,18.24,0.748,-0.052,True
persistence,district,4,Bogura,low,0.95,123,18.24,0.9187,-0.0313,True
persistence,district,4,Brahmanbaria,low,0.5,123,16.54,0.3984,-0.1016,True
persistence,district,4,Brahmanbaria,low,0.8,123,16.54,0.7967,-0.0033,True
persistence,district,4,Brahmanbaria,low,0.95,123,16.54,0.935,-0.015,True
persistence,district,4,Chandpur,medium,0.5,123,62.03,0.1707,-0.3293,True
persistence,district,4,Chandpur,medium,0.8,123,62.03,0.6016,-0.1984,True
persistence,district,4,Chandpur,medium,0.95,123,62.03,0.8943,-0.0557,True
persistence,district,4,Chapai Nawabganj,low,0.5,123,24.97,0.5122,0.0122,True
persistence,district,4,Chapai Nawabganj,low,0.8,123,24.97,0.7154,-0.0846,True
persistence,district,4,Chapai Nawabganj,low,0.95,123,24.97,0.8455,-0.1045,True
persistence,district,4,Chattogram,high,0.5,123,151.28,0.252,-0.248,True
persistence,district,4,Chattogram,high,0.8,123,151.28,0.4715,-0.3285,True
persistence,district,4,Chattogram,high,0.95,123,151.28,0.8537,-0.0963,True
persistence,district,4,Chuadanga,low,0.5,123,8.55,0.6504,0.1504,True
persistence,district,4,Chuadanga,low,0.8,123,8.55,0.8699,0.0699,True
persistence,district,4,Chuadanga,low,0.95,123,8.55,0.9512,0.0012,True
persistence,district,4,Cox's Bazar,high,0.5,123,57.12,0.3089,-0.1911,True
persistence,district,4,Cox's Bazar,high,0.8,123,57.12,0.6992,-0.1008,True
persistence,district,4,Cox's Bazar,high,0.95,123,57.12,0.9593,0.0093,True
persistence,district,4,Cumilla,medium,0.5,123,63.64,0.2683,-0.2317,True
persistence,district,4,Cumilla,medium,0.8,123,63.64,0.6504,-0.1496,True
persistence,district,4,Cumilla,medium,0.95,123,63.64,0.9187,-0.0313,True
persistence,district,4,Dhaka,high,0.5,123,1192.32,0.1057,-0.3943,True
persistence,district,4,Dhaka,high,0.8,123,1192.32,0.2764,-0.5236,True
persistence,district,4,Dhaka,high,0.95,123,1192.32,0.4878,-0.4622,True
persistence,district,4,Dinajpur,low,0.5,123,7.89,0.5772,0.0772,True
persistence,district,4,Dinajpur,low,0.8,123,7.89,0.813,0.013,True
persistence,district,4,Dinajpur,low,0.95,123,7.89,0.9593,0.0093,True
persistence,district,4,Faridpur,medium,0.5,123,69.28,0.5041,0.0041,True
persistence,district,4,Faridpur,medium,0.8,123,69.28,0.6667,-0.1333,True
persistence,district,4,Faridpur,medium,0.95,123,69.28,0.8211,-0.1289,True
persistence,district,4,Feni,medium,0.5,123,21.39,0.4146,-0.0854,True
persistence,district,4,Feni,medium,0.8,123,21.39,0.8211,0.0211,True
persistence,district,4,Feni,medium,0.95,123,21.39,0.9756,0.0256,True
persistence,district,4,Gaibandha,low,0.5,123,9.9,0.5041,0.0041,True
persistence,district,4,Gaibandha,low,0.8,123,9.9,0.8293,0.0293,True
persistence,district,4,Gaibandha,low,0.95,123,9.9,0.9675,0.0175,True
persistence,district,4,Gazipur,medium,0.5,123,85.44,0.2764,-0.2236,True
persistence,district,4,Gazipur,medium,0.8,123,85.44,0.5366,-0.2634,True
persistence,district,4,Gazipur,medium,0.95,123,85.44,0.8211,-0.1289,True
persistence,district,4,Gopalganj,low,0.5,123,27.75,0.6016,0.1016,True
persistence,district,4,Gopalganj,low,0.8,123,27.75,0.7154,-0.0846,True
persistence,district,4,Gopalganj,low,0.95,123,27.75,0.8455,-0.1045,True
persistence,district,4,Habiganj,low,0.5,123,5.41,0.626,0.126,True
persistence,district,4,Habiganj,low,0.8,123,5.41,0.8374,0.0374,True
persistence,district,4,Habiganj,low,0.95,123,5.41,0.9837,0.0337,True
persistence,district,4,Jamalpur,low,0.5,123,19.45,0.3984,-0.1016,True
persistence,district,4,Jamalpur,low,0.8,123,19.45,0.7398,-0.0602,True
persistence,district,4,Jamalpur,low,0.95,123,19.45,0.9024,-0.0476,True
persistence,district,4,Jashore,medium,0.5,123,50.72,0.4715,-0.0285,True
persistence,district,4,Jashore,medium,0.8,123,50.72,0.6829,-0.1171,True
persistence,district,4,Jashore,medium,0.95,123,50.72,0.935,-0.015,True
persistence,district,4,Jhalokati,low,0.5,123,12.7,0.5041,0.0041,True
persistence,district,4,Jhalokati,low,0.8,123,12.7,0.7967,-0.0033,True
persistence,district,4,Jhalokati,low,0.95,123,12.7,0.9512,0.0012,True
persistence,district,4,Jhenaidah,low,0.5,123,38.73,0.4553,-0.0447,True
persistence,district,4,Jhenaidah,low,0.8,123,38.73,0.6585,-0.1415,True
persistence,district,4,Jhenaidah,low,0.95,123,38.73,0.8699,-0.0801,True
persistence,district,4,Joypurhat,low,0.5,123,2.45,0.6992,0.1992,True
persistence,district,4,Joypurhat,low,0.8,123,2.45,0.9593,0.1593,True
persistence,district,4,Joypurhat,low,0.95,123,2.45,1.0,0.05,True
persistence,district,4,Khagrachhari,low,0.5,123,9.83,0.3496,-0.1504,True
persistence,district,4,Khagrachhari,low,0.8,123,9.83,0.8374,0.0374,True
persistence,district,4,Khagrachhari,low,0.95,123,9.83,0.9756,0.0256,True
persistence,district,4,Khulna,medium,0.5,123,72.78,0.3577,-0.1423,True
persistence,district,4,Khulna,medium,0.8,123,72.78,0.6829,-0.1171,True
persistence,district,4,Khulna,medium,0.95,123,72.78,0.8537,-0.0963,True
persistence,district,4,Kishoreganj,medium,0.5,123,21.9,0.4553,-0.0447,True
persistence,district,4,Kishoreganj,medium,0.8,123,21.9,0.7724,-0.0276,True
persistence,district,4,Kishoreganj,medium,0.95,123,21.9,0.9675,0.0175,True
persistence,district,4,Kurigram,low,0.5,123,6.44,0.6504,0.1504,True
persistence,district,4,Kurigram,low,0.8,123,6.44,0.878,0.078,True
persistence,district,4,Kurigram,low,0.95,123,6.44,1.0,0.05,True
persistence,district,4,Kushtia,medium,0.5,123,43.49,0.5122,0.0122,True
persistence,district,4,Kushtia,medium,0.8,123,43.49,0.7073,-0.0927,True
persistence,district,4,Kushtia,medium,0.95,123,43.49,0.9106,-0.0394,True
persistence,district,4,Lakshmipur,low,0.5,123,61.8,0.2602,-0.2398,True
persistence,district,4,Lakshmipur,low,0.8,123,61.8,0.7236,-0.0764,True
persistence,district,4,Lakshmipur,low,0.95,123,61.8,0.8211,-0.1289,True
persistence,district,4,Lalmonirhat,low,0.5,123,3.23,0.6423,0.1423,True
persistence,district,4,Lalmonirhat,low,0.8,123,3.23,0.9431,0.1431,True
persistence,district,4,Lalmonirhat,low,0.95,123,3.23,1.0,0.05,True
persistence,district,4,Madaripur,medium,0.5,123,54.47,0.2846,-0.2154,True
persistence,district,4,Madaripur,medium,0.8,123,54.47,0.6829,-0.1171,True
persistence,district,4,Madaripur,medium,0.95,123,54.47,0.8862,-0.0638,True
persistence,district,4,Magura,low,0.5,123,44.71,0.4472,-0.0528,True
persistence,district,4,Magura,low,0.8,123,44.71,0.7073,-0.0927,True
persistence,district,4,Magura,low,0.95,123,44.71,0.8699,-0.0801,True
persistence,district,4,Manikganj,medium,0.5,123,122.98,0.439,-0.061,True
persistence,district,4,Manikganj,medium,0.8,123,122.98,0.5935,-0.2065,True
persistence,district,4,Manikganj,medium,0.95,123,122.98,0.7561,-0.1939,True
persistence,district,4,Meherpur,low,0.5,123,21.24,0.4309,-0.0691,True
persistence,district,4,Meherpur,low,0.8,123,21.24,0.7398,-0.0602,True
persistence,district,4,Meherpur,low,0.95,123,21.24,0.9024,-0.0476,True
persistence,district,4,Moulvibazar,low,0.5,123,1.23,0.6992,0.1992,True
persistence,district,4,Moulvibazar,low,0.8,123,1.23,0.9837,0.1837,True
persistence,district,4,Moulvibazar,low,0.95,123,1.23,1.0,0.05,True
persistence,district,4,Munshiganj,low,0.5,123,21.58,0.374,-0.126,True
persistence,district,4,Munshiganj,low,0.8,123,21.58,0.6911,-0.1089,True
persistence,district,4,Munshiganj,low,0.95,123,21.58,0.878,-0.072,True
persistence,district,4,Mymensingh,medium,0.5,123,38.51,0.4553,-0.0447,True
persistence,district,4,Mymensingh,medium,0.8,123,38.51,0.7561,-0.0439,True
persistence,district,4,Mymensingh,medium,0.95,123,38.51,0.9187,-0.0313,True
persistence,district,4,Naogaon,low,0.5,123,8.29,0.5041,0.0041,True
persistence,district,4,Naogaon,low,0.8,123,8.29,0.8211,0.0211,True
persistence,district,4,Naogaon,low,0.95,123,8.29,1.0,0.05,True
persistence,district,4,Narail,medium,0.5,123,27.91,0.3902,-0.1098,True
persistence,district,4,Narail,medium,0.8,123,27.91,0.7967,-0.0033,True
persistence,district,4,Narail,medium,0.95,123,27.91,0.9756,0.0256,True
persistence,district,4,Narayanganj,medium,0.5,123,37.38,0.4228,-0.0772,True
persistence,district,4,Narayanganj,medium,0.8,123,37.38,0.6667,-0.1333,True
persistence,district,4,Narayanganj,medium,0.95,123,37.38,0.935,-0.015,True
persistence,district,4,Narsingdi,low,0.5,123,48.62,0.187,-0.313,True
persistence,district,4,Narsingdi,low,0.8,123,48.62,0.6504,-0.1496,True
persistence,district,4,Narsingdi,low,0.95,123,48.62,0.7967,-0.1533,True
persistence,district,4,Natore,low,0.5,123,11.24,0.5366,0.0366,True
persistence,district,4,Natore,low,0.8,123,11.24,0.8537,0.0537,True
persistence,district,4,Natore,low,0.95,123,11.24,0.9756,0.0256,True
persistence,district,4,Netrokona,low,0.5,123,8.84,0.4472,-0.0528,True
persistence,district,4,Netrokona,low,0.8,123,8.84,0.8374,0.0374,True
persistence,district,4,Netrokona,low,0.95,123,8.84,0.9837,0.0337,True
persistence,district,4,Nilphamari,low,0.5,123,8.73,0.5447,0.0447,True
persistence,district,4,Nilphamari,low,0.8,123,8.73,0.8293,0.0293,True
persistence,district,4,Nilphamari,low,0.95,123,8.73,0.9675,0.0175,True
persistence,district,4,Noakhali,low,0.5,123,20.22,0.3496,-0.1504,True
persistence,district,4,Noakhali,low,0.8,123,20.22,0.7154,-0.0846,True
persistence,district,4,Noakhali,low,0.95,123,20.22,0.9106,-0.0394,True
persistence,district,4,Pabna,medium,0.5,123,34.57,0.4634,-0.0366,True
persistence,district,4,Pabna,medium,0.8,123,34.57,0.7317,-0.0683,True
persistence,district,4,Pabna,medium,0.95,123,34.57,0.9431,-0.0069,True
persistence,district,4,Panchagarh,low,0.5,123,2.24,0.6585,0.1585,True
persistence,district,4,Panchagarh,low,0.8,123,2.24,0.935,0.135,True
persistence,district,4,Panchagarh,low,0.95,123,2.24,1.0,0.05,True
persistence,district,4,Patuakhali,medium,0.5,123,86.89,0.3171,-0.1829,True
persistence,district,4,Patuakhali,medium,0.8,123,86.89,0.6098,-0.1902,True
persistence,district,4,Patuakhali,medium,0.95,123,86.89,0.8618,-0.0882,True
persistence,district,4,Pirojpur,medium,0.5,123,72.7,0.2683,-0.2317,True
persistence,district,4,Pirojpur,medium,0.8,123,72.7,0.6423,-0.1577,True
persistence,district,4,Pirojpur,medium,0.95,123,72.7,0.8862,-0.0638,True
persistence,district,4,Rajbari,low,0.5,123,35.8,0.4472,-0.0528,True
persistence,district,4,Rajbari,low,0.8,123,35.8,0.748,-0.052,True
persistence,district,4,Rajbari,low,0.95,123,35.8,0.8699,-0.0801,True
persistence,district,4,Rajshahi,medium,0.5,123,50.31,0.6098,0.1098,True
persistence,district,4,Rajshahi,medium,0.8,123,50.31,0.748,-0.052,True
persistence,district,4,Rajshahi,medium,0.95,123,50.31,0.8943,-0.0557,True
persistence,district,4,Rangamati,low,0.5,123,5.41,0.5041,0.0041,True
persistence,district,4,Rangamati,low,0.8,123,5.41,0.9024,0.1024,True
persistence,district,4,Rangamati,low,0.95,123,5.41,1.0,0.05,True
persistence,district,4,Rangpur,low,0.5,123,11.37,0.6098,0.1098,True
persistence,district,4,Rangpur,low,0.8,123,11.37,0.8211,0.0211,True
persistence,district,4,Rangpur,low,0.95,123,11.37,0.9431,-0.0069,True
persistence,district,4,Satkhira,low,0.5,123,13.76,0.4553,-0.0447,True
persistence,district,4,Satkhira,low,0.8,123,13.76,0.7805,-0.0195,True
persistence,district,4,Satkhira,low,0.95,123,13.76,0.9431,-0.0069,True
persistence,district,4,Shariatpur,low,0.5,123,29.96,0.4228,-0.0772,True
persistence,district,4,Shariatpur,low,0.8,123,29.96,0.7317,-0.0683,True
persistence,district,4,Shariatpur,low,0.95,123,29.96,0.8293,-0.1207,True
persistence,district,4,Sherpur,low,0.5,123,12.41,0.4959,-0.0041,True
persistence,district,4,Sherpur,low,0.8,123,12.41,0.7642,-0.0358,True
persistence,district,4,Sherpur,low,0.95,123,12.41,0.9593,0.0093,True
persistence,district,4,Sirajganj,low,0.5,123,39.28,0.4065,-0.0935,True
persistence,district,4,Sirajganj,low,0.8,123,39.28,0.6911,-0.1089,True
persistence,district,4,Sirajganj,low,0.95,123,39.28,0.8699,-0.0801,True
persistence,district,4,Sunamganj,low,0.5,123,1.02,0.7398,0.2398,True
persistence,district,4,Sunamganj,low,0.8,123,1.02,1.0,0.2,True
persistence,district,4,Sunamganj,low,0.95,123,1.02,1.0,0.05,True
persistence,district,4,Sylhet,low,0.5,123,6.37,0.4878,-0.0122,True
persistence,district,4,Sylhet,low,0.8,123,6.37,0.8943,0.0943,True
persistence,district,4,Sylhet,low,0.95,123,6.37,0.9837,0.0337,True
persistence,district,4,Tangail,low,0.5,123,31.68,0.3902,-0.1098,True
persistence,district,4,Tangail,low,0.8,123,31.68,0.6585,-0.1415,True
persistence,district,4,Tangail,low,0.95,123,31.68,0.7886,-0.1614,True
persistence,district,4,Thakurgaon,low,0.5,123,3.28,0.6585,0.1585,True
persistence,district,4,Thakurgaon,low,0.8,123,3.28,0.935,0.135,True
persistence,district,4,Thakurgaon,low,0.95,123,3.28,0.9919,0.0419,True
seasonal,district,1,Bagerhat,low,0.5,125,15.8,0.584,0.084,True
seasonal,district,1,Bagerhat,low,0.8,125,15.8,0.64,-0.16,True
seasonal,district,1,Bagerhat,low,0.95,125,15.8,0.848,-0.102,True
seasonal,district,1,Bandarban,medium,0.5,125,11.54,0.576,0.076,True
seasonal,district,1,Bandarban,medium,0.8,125,11.54,0.912,0.112,True
seasonal,district,1,Bandarban,medium,0.95,125,11.54,1.0,0.05,True
seasonal,district,1,Barguna,medium,0.5,125,102.3,0.32,-0.18,True
seasonal,district,1,Barguna,medium,0.8,125,102.3,0.688,-0.112,True
seasonal,district,1,Barguna,medium,0.95,125,102.3,0.904,-0.046,True
seasonal,district,1,Barishal,high,0.5,125,125.85,0.368,-0.132,True
seasonal,district,1,Barishal,high,0.8,125,125.85,0.648,-0.152,True
seasonal,district,1,Barishal,high,0.95,125,125.85,0.784,-0.166,True
seasonal,district,1,Bhola,medium,0.5,125,37.83,0.52,0.02,True
seasonal,district,1,Bhola,medium,0.8,125,37.83,0.752,-0.048,True
seasonal,district,1,Bhola,medium,0.95,125,37.83,0.88,-0.07,True
seasonal,district,1,Bogura,low,0.5,125,19.05,0.592,0.092,True
seasonal,district,1,Bogura,low,0.8,125,19.05,0.672,-0.128,True
seasonal,district,1,Bogura,low,0.95,125,19.05,0.848,-0.102,True
seasonal,district,1,Brahmanbaria,low,0.5,125,16.97,0.592,0.092,True
seasonal,district,1,Brahmanbaria,low,0.8,125,16.97,0.744,-0.056,True
seasonal,district,1,Brahmanbaria,low,0.95,125,16.97,0.912,-0.038,True
seasonal,district,1,Chandpur,medium,0.5,125,62.76,0.288,-0.212,True
seasonal,district,1,Chandpur,medium,0.8,125,62.76,0.728,-0.072,True
seasonal,district,1,Chandpur,medium,0.95,125,62.76,0.84,-0.11,True
seasonal,district,1,Chapai Nawabganj,low,0.5,125,24.48,0.56,0.06,True
seasonal,district,1,Chapai Nawabganj,low,0.8,125,24.48,0.672,-0.128,True
seasonal,district,1,Chapai Nawabganj,low,0.95,125,24.48,0.904,-0.046,True
seasonal,district,1,Chattogram,high,0.5,125,153.76,0.304,-0.196,True
seasonal,district,1,Chattogram,high,0.8,125,153.76,0.6,-0.2,True
seasonal,district,1,Chattogram,high,0.95,125,153.76,0.776,-0.174,True
seasonal,district,1,Chuadanga,low,0.5,125,8.68,0.672,0.172,True
seasonal,district,1,Chuadanga,low,0.8,125,8.68,0.768,-0.032,True
seasonal,district,1,Chuadanga,low,0.95,125,8.68,0.888,-0.062,True
seasonal,district,1,Cox's Bazar,high,0.5,125,61.3,0.368,-0.132,True
seasonal,district,1,Cox's Bazar,high,0.8,125,61.3,0.768,-0.032,True
seasonal,district,1,Cox's Bazar,high,0.95,125,61.3,1.0,0.05,True
seasonal,district,1,Cumilla,medium,0.5,125,64.1,0.424,-0.076,True
seasonal,district,1,Cumilla,medium,0.8,125,64.1,0.752,-0.048,True
seasonal,district,1,Cumilla,medium,0.95,125,64.1,0.832,-0.118,True
seasonal,district,1,Dhaka,high,0.5,125,1230.93,0.08,-0.42,True
seasonal,district,1,Dhaka,high,0.8,125,1230.93,0.432,-0.368,True
seasonal,district,1,Dhaka,high,0.95,125,1230.93,0.584,-0.366,True
seasonal,district,1,Dinajpur,low,0.5,125,8.57,0.592,0.092,True
seasonal,district,1,Dinajpur,low,0.8,125,8.57,0.736,-0.064,True
seasonal,district,1,Dinajpur,low,0.95,125,8.57,0.88,-0.07,True
seasonal,district,1,Faridpur,medium,0.5,125,70.82,0.528,0.028,True
seasonal,district,1,Faridpur,medium,0.8,125,70.82,0.664,-0.136,True
seasonal,district,1,Faridpur,medium,0.95,125,70.82,0.776,-0.174,True
seasonal,district,1,Feni,medium,0.5,125,21.72,0.472,-0.028,True
seasonal,district,1,Feni,medium,0.8,125,21.72,0.776,-0.024,True
seasonal,district,1,Feni,medium,0.95,125,21.72,0.928,-0.022,True
seasonal,district,1,Gaibandha,low,0.5,125,9.87,0.648,0.148,True
seasonal,district,1,Gaibandha,low,0.8,125,9.87,0.76,-0.04,True
seasonal,district,1,Gaibandha,low,0.95,125,9.87,0.912,-0.038,True
seasonal,district,1,Gazipur,medium,0.5,125,85.35,0.456,-0.044,True
seasonal,district,1,Gazipur,medium,0.8,125,85.35,0.672,-0.128,True
seasonal,district,1,Gazipur,medium,0.95,125,85.35,0.816,-0.134,True
seasonal,district,1,Gopalganj,low,0.5,125,27.86,0.584,0.084,True
seasonal,district,1,Gopalganj,low,0.8,125,27.86,0.656,-0.144,True
seasonal,district,1,Gopalganj,low,0.95,125,27.86,0.768,-0.182,True
seasonal,district,1,Habiganj,low,0.5,125,5.67,0.72,0.22,True
seasonal,district,1,Habiganj,low,0.8,125,5.67,0.888,0.088,True
seasonal,district,1,Habiganj,low,0.95,125,5.67,0.936,-0.014,True
seasonal,district,1,Jamalpur,low,0.5,125,20.29,0.584,0.084,True
seasonal,district,1,Jamalpur,low,0.8,125,20.29,0.752,-0.048,True
seasonal,district,1,Jamalpur,low,0.95,125,20.29,0.92,-0.03,True
seasonal,district,1,Jashore,medium,0.5,125,51.01,0.48,-0.02,True
seasonal,district,1,Jashore,medium,0.8,125,51.01,0.648,-0.152,True
seasonal,district,1,Jashore,medium,0.95,125,51.01,0.896,-0.054,True
seasonal,district,1,Jhalokati,low,0.5,125,12.2,0.672,0.172,True
seasonal,district,1,Jhalokati,low,0.8,125,12.2,0.824,0.024,True
seasonal,district,1,Jhalokati,low,0.95,125,12.2,0.92,-0.03,True
seasonal,district,1,Jhenaidah,low,0.5,125,39.15,0.576,0.076,True
seasonal,district,1,Jhenaidah,low,0.8,125,39.15,0.632,-0.168,True
seasonal,district,1,Jhenaidah,low,0.95,125,39.15,0.712,-0.238,True
seasonal,district,1,Joypurhat,low,0.5,125,2.53,0.76,0.26,True
seasonal,district,1,Joypurhat,low,0.8,125,2.53,0.848,0.048,True
seasonal,district,1,Joypurhat,low,0.95,125,2.53,0.944,-0.006,True
seasonal,district,1,Khagrachhari,low,0.5,125,10.22,0.656,0.156,True
seasonal,district,1,Khagrachhari,low,0.8,125,10.22,0.848,0.048,True
seasonal,district,1,Khagrachhari,low,0.95,125,10.22,0.92,-0.03,True
seasonal,district,1,Khulna,medium,0.5,125,78.62,0.416,-0.084,True
seasonal,district,1,Khulna,medium,0.8,125,78.62,0.664,-0.136,True
seasonal,district,1,Khulna,medium,0.95,125,78.62,0.792,-0.158,True
seasonal,district,1,Kishoreganj,medium,0.5,125,22.91,0.504,0.004,True
seasonal,district,1,Kishoreganj,medium,0.8,125,22.91,0.888,0.088,True
seasonal,district,1,Kishoreganj,medium,0.95,125,22.91,0.968,0.018,True
seasonal,district,1,Kurigram,low,0.5,125,6.54,0.68,0.18,True
seasonal,district,1,Kurigram,low,0.8,125,6.54,0.808,0.008,True
seasonal,district,1,Kurigram,low,0.95,125,6.54,0.92,-0.03,True
seasonal,district,1,Kushtia,medium,0.5,125,44.91,0.504,0.004,True
seasonal,district,1,Kushtia,medium,0.8,125,44.91,0.68,-0.12,True
seasonal,district,1,Kushtia,medium,0.95,125,44.91,0.856,-0.094,True
seasonal,district,1,Lakshmipur,low,0.5,125,61.33,0.488,-0.012,True
seasonal,district,1,Lakshmipur,low,0.8,125,61.33,0.544,-0.256,True
seasonal,district,1,Lakshmipur,low,0.95,125,61.33,0.696,-0.254,True
seasonal,district,1,Lalmonirhat,low,0.5,125,3.21,0.76,0.26,True
seasonal,district,1,Lalmonirhat,low,0.8,125,3.21,0.864,0.064,True
seasonal,district,1,Lalmonirhat,low,0.95,125,3.21,0.952,0.002,True
seasonal,district,1,Madaripur,medium,0.5,125,54.77,0.512,0.012,True
seasonal,district,1,Madaripur,medium,0.8,125,54.77,0.688,-0.112,True
seasonal,district,1,Madaripur,medium,0.95,125,54.77,0.824,-0.126,True
seasonal,district,1,Magura,low,0.5,125,44.1,0.512,0.012,True
seasonal,district,1,Magura,low,0.8,125,44.1,0.56,-0.24,True
seasonal,district,1,Magura,low,0.95,125,44.1,0.704,-0.246,True
seasonal,district,1,Manikganj,medium,0.5,125,124.1,0.376,-0.124,True
seasonal,district,1,Manikganj,medium,0.8,125,124.1,0.656,-0.144,True
seasonal,district,1,Manikganj,medium,0.95,125,124.1,0.76,-0.19,True
seasonal,district,1,Meherpur,low,0.5,125,21.86,0.584,0.084,True
seasonal,district,1,Meherpur,low,0.8,125,21.86,0.672,-0.128,True
seasonal,district,1,Meherpur,low,0.95,125,21.86,0.832,-0.118,True
seasonal,district,1,Moulvibazar,low,0.5,125,1.34,0.808,0.308,True
seasonal,district,1,Moulvibazar,low,0.8,125,1.34,0.848,0.048,True
seasonal,district,1,Moulvibazar,low,0.95,125,1.34,0.976,0.026,True
seasonal,district,1,Munshiganj,low,0.5,125,23.02,0.552,0.052,True
seasonal,district,1,Munshiganj,low,0.8,125,23.02,0.672,-0.128,True
seasonal,district,1,Munshiganj,low,0.95,125,23.02,0.872,-0.078,True
seasonal,district,1,Mymensingh,medium,0.5,125,40.44,0.344,-0.156,True
seasonal,district,1,Mymensingh,medium,0.8,125,40.44,0.688,-0.112,True
seasonal,district,1,Mymensingh,medium,0.95,125,40.44,0.832,-0.118,True
seasonal,district,1,Naogaon,low,0.5,125,8.46,0.648,0.148,True
seasonal,district,1,Naogaon,low,0.8,125,8.46,0.8,0.0,True
seasonal,district,1,Naogaon,low,0.95,125,8.46,0.936,-0.014,True
seasonal,district,1,Narail,medium,0.5,125,28.38,0.48,-0.02,True
seasonal,district,1,Narail,medium,0.8,125,28.38,0.736,-0.064,True
seasonal,district,1,Narail,medium,0.95,125,28.38,0.904,-0.046,True
seasonal,district,1,Narayanganj,medium,0.5,125,40.67,0.52,0.02,True
seasonal,district,1,Narayanganj,medium,0.8,125,40.67,0.792,-0.008,True
seasonal,district,1,Narayanganj,medium,0.95,125,40.67,1.0,0.05,True
seasonal,district,1,Narsingdi,low,0.5,125,49.76,0.48,-0.02,True
seasonal,district,1,Narsingdi,low,0.8,125,49.76,0.624,-0.176,True
seasonal,district,1,Narsingdi,low,0.95,125,49.76,0.744,-0.206,True
seasonal,district,1,Natore,low,0.5,125,10.82,0.672,0.172,True
seasonal,district,1,Natore,low,0.8,125,10.82,0.808,0.008,True
seasonal,district,1,Natore,low,0.95,125,10.82,0.896,-0.054,True
seasonal,district,1,Netrokona,low,0.5,125,8.71,0.664,0.164,True
seasonal,district,1,Netrokona,low,0.8,125,8.71,0.824,0.024,True
seasonal,district,1,Netrokona,low,0.95,125,8.71,0.928,-0.022,True
seasonal,district,1,Nilphamari,low,0.5,125,8.69,0.656,0.156,True
seasonal,district,1,Nilphamari,low,0.8,125,8.69,0.816,0.016,True
seasonal,district,1,Nilphamari,low,0.95,125,8.69,0.92,-0.03,True
seasonal,district,1,Noakhali,low,0.5,125,20.62,0.608,0.108,True
seasonal,district,1,Noakhali,low,0.8,125,20.62,0.704,-0.096,True
seasonal,district,1,Noakhali,low,0.95,125,20.62,0.896,-0.054,True
seasonal,district,1,Pabna,medium,0.5,125,35.24,0.528,0.028,True
seasonal,district,1,Pabna,medium,0.8,125,35.24,0.752,-0.048,True
seasonal,district,1,Pabna,medium,0.95,125,35.24,0.904,-0.046,True
seasonal,district,1,Panchagarh,low,0.5,125,2.31,0.792,0.292,True
seasonal,district,1,Panchagarh,low,0.8,125,2.31,0.888,0.088,True
seasonal,district,1,Panchagarh,low,0.95,125,2.31,0.992,0.042,True
seasonal,district,1,Patuakhali,medium,0.5,125,85.08,0.304,-0.196,True
seasonal,district,1,Patuakhali,medium,0.8,125,85.08,0.68,-0.12,True
seasonal,district,1,Patuakhali,medium,0.95,125,85.08,0.8,-0.15,True
seasonal,district,1,Pirojpur,medium,0.5,125,71.74,0.472,-0.028,True
seasonal,district,1,Pirojpur,medium,0.8,125,71.74,0.656,-0.144,True
seasonal,district,1,Pirojpur,medium,0.95,125,71.74,0.744,-0.206,True
seasonal,district,1,Rajbari,low,0.5,125,35.06,0.52,0.02,True
seasonal,district,1,Rajbari,low,0.8,125,35.06,0.56,-0.24,True
seasonal,district,1,Rajbari,low,0.95,125,35.06,0.728,-0.222,True
seasonal,district,1,Rajshahi,medium,0.5,125,51.12,0.528,0.028,True
seasonal,district,1,Rajshahi,medium,0.8,125,51.12,0.648,-0.152,True
seasonal,district,1,Rajshahi,medium,0.95,125,51.12,0.768,-0.182,True
seasonal,district,1,Rangamati,low,0.5,125,5.34,0.648,0.148,True
seasonal,district,1,Rangamati,low,0.8,125,5.34,0.792,-0.008,True
seasonal,district,1,Rangamati,low,0.95,125,5.34,0.944,-0.006,True
seasonal,district,1,Rangpur,low,0.5,125,11.5,0.6,0.1,True
seasonal,district,1,Rangpur,low,0.8,125,11.5,0.688,-0.112,True
seasonal,district,1,Rangpur,low,0.95,125,11.5,0.864,-0.086,True
seasonal,district,1,Satkhira,low,0.5,125,14.48,0.536,0.036,True
seasonal,district,1,Satkhira,low,0.8,125,14.48,0.624,-0.176,True
seasonal,district,1,Satkhira,low,0.95,125,14.48,0.848,-0.102,True
seasonal,district,1,Shariatpur,low,0.5,125,29.42,0.504,0.004,True
seasonal,district,1,Shariatpur,low,0.8,125,29.42,0.576,-0.224,True
seasonal,district,1,Shariatpur,low,0.95,125,29.42,0.8,-0.15,True
seasonal,district,1,Sherpur,low,0.5,125,12.94,0.56,0.06,True
seasonal,district,1,Sherpur,low,0.8,125,12.94,0.68,-0.12,True
seasonal,district,1,Sherpur,low,0.95,125,12.94,0.896,-0.054,True
seasonal,district,1,Sirajganj,low,0.5,125,39.43,0.592,0.092,True
seasonal,district,1,Sirajganj,low,0.8,125,39.43,0.632,-0.168,True
seasonal,district,1,Sirajganj,low,0.95,125,39.43,0.736,-0.214,True
seasonal,district,1,Sunamganj,low,0.5,125,1.06,0.808,0.308,True
seasonal,district,1,Sunamganj,low,0.8,125,1.06,0.848,0.048,True
seasonal,district,1,Sunamganj,low,0.95,125,1.06,1.0,0.05,True
seasonal,district,1,Sylhet,low,0.5,125,6.59,0.632,0.132,True
seasonal,district,1,Sylhet,low,0.8,125,6.59,0.752,-0.048,True
seasonal,district,1,Sylhet,low,0.95,125,6.59,0.856,-0.094,True
seasonal,district,1,Tangail,low,0.5,125,34.3,0.504,0.004,True
seasonal,district,1,Tangail,low,0.8,125,34.3,0.704,-0.096,True
seasonal,district,1,Tangail,low,0.95,125,34.3,0.888,-0.062,True
seasonal,district,1,Thakurgaon,low,0.5,125,3.18,0.736,0.236,True
seasonal,district,1,Thakurgaon,low,0.8,125,3.18,0.856,0.056,True
seasonal,district,1,Thakurgaon,low,0.95,125,3.18,0.936,-0.014,True
seasonal,district,2,Bagerhat,low,0.5,124,15.84,0.5806,0.0806,True
seasonal,district,2,Bagerhat,low,0.8,124,15.84,0.6371,-0.1629,True
seasonal,district,2,Bagerhat,low,0.95,124,15.84,0.8306,-0.1194,True
seasonal,district,2,Bandarban,medium,0.5,124,11.58,0.5,0.0,True
seasonal,district,2,Bandarban,medium,0.8,124,11.58,0.8952,0.0952,True
seasonal,district,2,Bandarban,medium,0.95,124,11.58,0.9839,0.0339,True
seasonal,district,2,Barguna,medium,0.5,124,104.01,0.25,-0.25,True
seasonal,district,2,Barguna,medium,0.8,124,104.01,0.6613,-0.1387,True
seasonal,district,2,Barguna,medium,0.95,124,104.01,0.8952,-0.0548,True
seasonal,district,2,Barishal,high,0.5,124,125.71,0.379,-0.121,True
seasonal,district,2,Barishal,high,0.8,124,125.71,0.6532,-0.1468,True
seasonal,district,2,Barishal,high,0.95,124,125.71,0.7823,-0.1677,True
seasonal,district,2,Bhola,medium,0.5,124,37.99,0.4677,-0.0323,True
seasonal,district,2,Bhola,medium,0.8,124,37.99,0.7339,-0.0661,True
seasonal,district,2,Bhola,medium,0.95,124,37.99,0.879,-0.071,True
seasonal,district,2,Bogura,low,0.5,124,18.64,0.621,0.121,True
seasonal,district,2,Bogura,low,0.8,124,18.64,0.6694,-0.1306,True
seasonal,district,2,Bogura,low,0.95,124,18.64,0.8226,-0.1274,True
seasonal,district,2,Brahmanbaria,low,0.5,124,16.93,0.6048,0.1048,True
seasonal,district,2,Brahmanbaria,low,0.8,124,16.93,0.75,-0.05,True
seasonal,district,2,Brahmanbaria,low,0.95,124,16.93,0.879,-0.071,True
seasonal,district,2,Chandpur,medium,0.5,124,62.42,0.2339,-0.2661,True
seasonal,district,2,Chandpur,medium,0.8,124,62.42,0.7097,-0.0903,True
seasonal,district,2,Chandpur,medium,0.95,124,62.42,0.8548,-0.0952,True
seasonal,district,2,Chapai Nawabganj,low,0.5,124,24.79,0.5565,0.0565,True
seasonal,district,2,Chapai Nawabganj,low,0.8,124,24.79,0.6774,-0.1226,True
seasonal,district,2,Chapai Nawabganj,low,0.95,124,24.79,0.8952,-0.0548,True
seasonal,district,2,Chattogram,high,0.5,124,153.06,0.2742,-0.2258,True
seasonal,district,2,Chattogram,high,0.8,124,153.06,0.5726,-0.2274,True
seasonal,district,2,Chattogram,high,0.95,124,153.06,0.7661,-0.1839,True
seasonal,district,2,Chuadanga,low,0.5,124,8.73,0.6694,0.1694,True
seasonal,district,2,Chuadanga,low,0.8,124,8.73,0.7823,-0.0177,True
seasonal,district,2,Chuadanga,low,0.95,124,8.73,0.879,-0.071,True
seasonal,district,2,Cox's Bazar,high,0.5,124,60.04,0.3871,-0.1129,True
seasonal,district,2,Cox's Bazar,high,0.8,124,60.04,0.7581,-0.0419,True
seasonal,district,2,Cox's Bazar,high,0.95,124,60.04,1.0,0.05,True
seasonal,district,2,Cumilla,medium,0.5,124,64.48,0.3629,-0.1371,True
seasonal,district,2,Cumilla,medium,0.8,124,64.48,0.7339,-0.0661,True
seasonal,district,2,Cumilla,medium,0.95,124,64.48,0.8387,-0.1113,True
seasonal,district,2,Dhaka,high,0.5,124,1219.56,0.0403,-0.4597,True
seasonal,district,2,Dhaka,high,0.8,124,1219.56,0.4113,-0.3887,True
seasonal,district,2,Dhaka,high,0.95,124,1219.56,0.5484,-0.4016,True
seasonal,district,2,Dinajpur,low,0.5,124,8.26,0.5887,0.0887,True
seasonal,district,2,Dinajpur,low,0.8,124,8.26,0.7177,-0.0823,True
seasonal,district,2,Dinajpur,low,0.95,124,8.26,0.8629,-0.0871,True
seasonal,district,2,Faridpur,medium,0.5,124,70.69,0.5,0.0,True
seasonal,district,2,Faridpur,medium,0.8,124,70.69,0.6371,-0.1629,True
seasonal,district,2,Faridpur,medium,0.95,124,70.69,0.75,-0.2,True
seasonal,district,2,Feni,medium,0.5,124,21.58,0.4597,-0.0403,True
seasonal,district,2,Feni,medium,0.8,124,21.58,0.7823,-0.0177,True
seasonal,district,2,Feni,medium,0.95,124,21.58,0.9435,-0.0065,True
seasonal,district,2,Gaibandha,low,0.5,124,9.94,0.6694,0.1694,True
seasonal,district,2,Gaibandha,low,0.8,124,9.94,0.7823,-0.0177,True
seasonal,district,2,Gaibandha,low,0.95,124,9.94,0.8952,-0.0548,True
seasonal,district,2,Gazipur,medium,0.5,124,85.49,0.4113,-0.0887,True
seasonal,district,2,Gazipur,medium,0.8,124,85.49,0.6694,-0.1306,True
seasonal,district,2,Gazipur,medium,0.95,124,85.49,0.8226,-0.1274,True
seasonal,district,2,Gopalganj,low,0.5,124,27.97,0.6129,0.1129,True
seasonal,district,2,Gopalganj,low,0.8,124,27.97,0.6774,-0.1226,True
seasonal,district,2,Gopalganj,low,0.95,124,27.97,0.7823,-0.1677,True
seasonal,district,2,Habiganj,low,0.5,124,5.58,0.7581,0.2581,True
seasonal,district,2,Habiganj,low,0.8,124,5.58,0.8952,0.0952,True
seasonal,district,2,Habiganj,low,0.95,124,5.58,0.9435,-0.0065,True
seasonal,district,2,Jamalpur,low,0.5,124,20.01,0.6048,0.1048,True
seasonal,district,2,Jamalpur,low,0.8,124,20.01,0.7581,-0.0419,True
seasonal,district,2,Jamalpur,low,0.95,124,20.01,0.9113,-0.0387,True
seasonal,district,2,Jashore,medium,0.5,124,50.94,0.4677,-0.0323,True
seasonal,district,2,Jashore,medium,0.8,124,50.94,0.6694,-0.1306,True
seasonal,district,2,Jashore,medium,0.95,124,50.94,0.8629,-0.0871,True
seasonal,district,2,Jhalokati,low,0.5,124,12.37,0.6694,0.1694,True
seasonal,district,2,Jhalokati,low,0.8,124,12.37,0.8145,0.0145,True
seasonal,district,2,Jhalokati,low,0.95,124,12.37,0.9274,-0.0226,True
seasonal,district,2,Jhenaidah,low,0.5,124,39.41,0.5645,0.0645,True
seasonal,district,2,Jhenaidah,low,0.8,124,39.41,0.629,-0.171,True
seasonal,district,2,Jhenaidah,low,0.95,124,39.41,0.7097,-0.2403,True
seasonal,district,2,Joypurhat,low,0.5,124,2.48,0.75,0.25,True
seasonal,district,2,Joypurhat,low,0.8,124,2.48,0.8226,0.0226,True
seasonal,district,2,Joypurhat,low,0.95,124,2.48,0.9435,-0.0065,True
seasonal,district,2,Khagrachhari,low,0.5,124,10.21,0.6129,0.1129,True
seasonal,district,2,Khagrachhari,low,0.8,124,10.21,0.8145,0.0145,True
seasonal,district,2,Khagrachhari,low,0.95,124,10.21,0.9355,-0.0145,True
seasonal,district,2,Khulna,medium,0.5,124,77.52,0.4194,-0.0806,True
seasonal,district,2,Khulna,medium,0.8,124,77.52,0.6613,-0.1387,True
seasonal,district,2,Khulna,medium,0.95,124,77.52,0.7984,-0.1516,True
seasonal,district,2,Kishoreganj,medium,0.5,124,22.61,0.4919,-0.0081,True
seasonal,district,2,Kishoreganj,medium,0.8,124,22.61,0.8871,0.0871,True
seasonal,district,2,Kishoreganj,medium,0.95,124,22.61,0.9758,0.0258,True
seasonal,district,2,Kurigram,low,0.5,124,6.54,0.6774,0.1774,True
seasonal,district,2,Kurigram,low,0.8,124,6.54,0.8226,0.0226,True
seasonal,district,2,Kurigram,low,0.95,124,6.54,0.9274,-0.0226,True
seasonal,district,2,Kushtia,medium,0.5,124,44.61,0.5081,0.0081,True
seasonal,district,2,Kushtia,medium,0.8,124,44.61,0.6855,-0.1145,True
seasonal,district,2,Kushtia,medium,0.95,124,44.61,0.8226,-0.1274,True
seasonal,district,2,Lakshmipur,low,0.5,124,61.89,0.4839,-0.0161,True
seasonal,district,2,Lakshmipur,low,0.8,124,61.89,0.5323,-0.2677,True
seasonal,district,2,Lakshmipur,low,0.95,124,61.89,0.6855,-0.2645,True
seasonal,district,2,Lalmonirhat,low,0.5,124,3.23,0.8226,0.3226,True
seasonal,district,2,Lalmonirhat,low,0.8,124,3.23,0.9113,0.1113,True
seasonal,district,2,Lalmonirhat,low,0.95,124,3.23,0.9597,0.0097,True
seasonal,district,2,Madaripur,medium,0.5,124,54.86,0.4194,-0.0806,True
seasonal,district,2,Madaripur,medium,0.8,124,54.86,0.6855,-0.1145,True
seasonal,district,2,Madaripur,medium,0.95,124,54.86,0.8145,-0.1355,True
seasonal,district,2,Magura,low,0.5,124,44.43,0.4919,-0.0081,True
seasonal,district,2,Magura,low,0.8,124,44.43,0.5565,-0.2435,True
seasonal,district,2,Magura,low,0.95,124,44.43,0.7097,-0.2403,True
seasonal,district,2,Manikganj,medium,0.5,124,124.22,0.371,-0.129,True
seasonal,district,2,Manikganj,medium,0.8,124,124.22,0.6452,-0.1548,True
seasonal,district,2,Manikganj,medium,0.95,124,124.22,0.7419,-0.2081,True
seasonal,district,2,Meherpur,low,0.5,124,21.67,0.5968,0.0968,True
seasonal,district,2,Meherpur,low,0.8,124,21.67,0.6774,-0.1226,True
seasonal,district,2,Meherpur,low,0.95,124,21.67,0.8306,-0.1194,True
seasonal,district,2,Moulvibazar,low,0.5,124,1.23,0.7903,0.2903,True
seasonal,district,2,Moulvibazar,low,0.8,124,1.23,0.8145,0.0145,True
seasonal,district,2,Moulvibazar,low,0.95,124,1.23,0.9839,0.0339,True
seasonal,district,2,Munshiganj,low,0.5,124,23.0,0.5565,0.0565,True
seasonal,district,2,Munshiganj,low,0.8,124,23.0,0.6452,-0.1548,True
seasonal,district,2,Munshiganj,low,0.95,124,23.0,0.871,-0.079,True
seasonal,district,2,Mymensingh,medium,0.5,124,39.99,0.3145,-0.1855,True
seasonal,district,2,Mymensingh,medium,0.8,124,39.99,0.6694,-0.1306,True
seasonal,district,2,Mymensingh,medium,0.95,124,39.99,0.8387,-0.1113,True
seasonal,district,2,Naogaon,low,0.5,124,8.51,0.6532,0.1532,True
seasonal,district,2,Naogaon,low,0.8,124,8.51,0.7903,-0.0097,True
seasonal,district,2,Naogaon,low,0.95,124,8.51,0.9355,-0.0145,True
seasonal,district,2,Narail,medium,0.5,124,28.46,0.4516,-0.0484,True
seasonal,district,2,Narail,medium,0.8,124,28.46,0.7258,-0.0742,True
seasonal,district,2,Narail,medium,0.95,124,28.46,0.9113,-0.0387,True
seasonal,district,2,Narayanganj,medium,0.5,124,40.66,0.5161,0.0161,True
seasonal,district,2,Narayanganj,medium,0.8,124,40.66,0.7903,-0.0097,True
seasonal,district,2,Narayanganj,medium,0.95,124,40.66,0.9919,0.0419,True
seasonal,district,2,Narsingdi,low,0.5,124,49.31,0.4758,-0.0242,True
seasonal,district,2,Narsingdi,low,0.8,124,49.31,0.6129,-0.1871,True
seasonal,district,2,Narsingdi,low,0.95,124,49.31,0.7419,-0.2081,True
seasonal,district,2,Natore,low,0.5,124,11.04,0.6452,0.1452,True
seasonal,district,2,Natore,low,0.8,124,11.04,0.7984,-0.0016,True
seasonal,district,2,Natore,low,0.95,124,11.04,0.8629,-0.0871,True
seasonal,district,2,Netrokona,low,0.5,124,8.69,0.6613,0.1613,True
seasonal,district,2,Netrokona,low,0.8,124,8.69,0.8226,0.0226,True
seasonal,district,2,Netrokona,low,0.95,124,8.69,0.9274,-0.0226,True
seasonal,district,2,Nilphamari,low,0.5,124,8.86,0.6774,0.1774,True
seasonal,district,2,Nilphamari,low,0.8,124,8.86,0.8468,0.0468,True
seasonal,district,2,Nilphamari,low,0.95,124,8.86,0.9355,-0.0145,True
seasonal,district,2,Noakhali,low,0.5,124,20.54,0.5806,0.0806,True
seasonal,district,2,Noakhali,low,0.8,124,20.54,0.6613,-0.1387,True
seasonal,district,2,Noakhali,low,0.95,124,20.54,0.8952,-0.0548,True
seasonal,district,2,Pabna,medium,0.5,124,35.35,0.5161,0.0161,True
seasonal,district,2,Pabna,medium,0.8,124,35.35,0.7258,-0.0742,True
seasonal,district,2,Pabna,medium,0.95,124,35.35,0.9032,-0.0468,True
seasonal,district,2,Panchagarh,low,0.5,124,2.28,0.8226,0.3226,True
seasonal,district,2,Panchagarh,low,0.8,124,2.28,0.8952,0.0952,True
seasonal,district,2,Panchagarh,low,0.95,124,2.28,0.9677,0.0177,True
seasonal,district,2,Patuakhali,medium,0.5,124,86.02,0.3387,-0.1613,True
seasonal,district,2,Patuakhali,medium,0.8,124,86.02,0.6855,-0.1145,True
seasonal,district,2,Patuakhali,medium,0.95,124,86.02,0.7984,-0.1516,True
seasonal,district,2,Pirojpur,medium,0.5,124,72.24,0.4113,-0.0887,True
seasonal,district,2,Pirojpur,medium,0.8,124,72.24,0.6532,-0.1468,True
seasonal,district,2,Pirojpur,medium,0.95,124,72.24,0.7339,-0.2161,True
seasonal,district,2,Rajbari,low,0.5,124,35.29,0.5403,0.0403,True
seasonal,district,2,Rajbari,low,0.8,124,35.29,0.5887,-0.2113,True
seasonal,district,2,Rajbari,low,0.95,124,35.29,0.7177,-0.2323,True
seasonal,district,2,Rajshahi,medium,0.5,124,51.04,0.5323,0.0323,True
seasonal,district,2,Rajshahi,medium,0.8,124,51.04,0.6452,-0.1548,True
seasonal,district,2,Rajshahi,medium,0.95,124,51.04,0.7742,-0.1758,True
seasonal,district,2,Rangamati,low,0.5,124,5.41,0.629,0.129,True
seasonal,district,2,Rangamati,low,0.8,124,5.41,0.7742,-0.0258,True
seasonal,district,2,Rangamati,low,0.95,124,5.41,0.9274,-0.0226,True
seasonal,district,2,Rangpur,low,0.5,124,11.46,0.5968,0.0968,True
seasonal,district,2,Rangpur,low,0.8,124,11.46,0.6855,-0.1145,True
seasonal,district,2,Rangpur,low,0.95,124,11.46,0.8548,-0.0952,True
seasonal,district,2,Satkhira,low,0.5,124,14.33,0.5403,0.0403,True
seasonal,district,2,Satkhira,low,0.8,124,14.33,0.629,-0.171,True
seasonal,district,2,Satkhira,low,0.95,124,14.33,0.8387,-0.1113,True
seasonal,district,2,Shariatpur,low,0.5,124,29.48,0.5161,0.0161,True
seasonal,district,2,Shariatpur,low,0.8,124,29.48,0.6048,-0.1952,True
seasonal,district,2,Shariatpur,low,0.95,124,29.48,0.7823,-0.1677,True
seasonal,district,2,Sherpur,low,0.5,124,12.79,0.629,0.129,True
seasonal,district,2,Sherpur,low,0.8,124,12.79,0.7177,-0.0823,True
seasonal,district,2,Sherpur,low,0.95,124,12.79,0.9032,-0.0468,True
seasonal,district,2,Sirajganj,low,0.5,124,39.6,0.6048,0.1048,True
seasonal,district,2,Sirajganj,low,0.8,124,39.6,0.6452,-0.1548,True
seasonal,district,2,Sirajganj,low,0.95,124,39.6,0.7581,-0.1919,True
seasonal,district,2,Sunamganj,low,0.5,124,1.04,0.8226,0.3226,True
seasonal,district,2,Sunamganj,low,0.8,124,1.04,0.8468,0.0468,True
seasonal,district,2,Sunamganj,low,0.95,124,1.04,0.9919,0.0419,True
seasonal,district,2,Sylhet,low,0.5,124,6.57,0.5968,0.0968,True
seasonal,district,2,Sylhet,low,0.8,124,6.57,0.7419,-0.0581,True
seasonal,district,2,Sylhet,low,0.95,124,6.57,0.8629,-0.0871,True
seasonal,district,2,Tangail,low,0.5,124,33.55,0.5645,0.0645,True
seasonal,district,2,Tangail,low,0.8,124,33.55,0.6855,-0.1145,True
seasonal,district,2,Tangail,low,0.95,124,33.55,0.9113,-0.0387,True
seasonal,district,2,Thakurgaon,low,0.5,124,3.28,0.7742,0.2742,True
seasonal,district,2,Thakurgaon,low,0.8,124,3.28,0.879,0.079,True
seasonal,district,2,Thakurgaon,low,0.95,124,3.28,0.9516,0.0016,True
seasonal,district,4,Bagerhat,low,0.5,123,15.71,0.5691,0.0691,True
seasonal,district,4,Bagerhat,low,0.8,123,15.71,0.6423,-0.1577,True
seasonal,district,4,Bagerhat,low,0.95,123,15.71,0.7886,-0.1614,True
seasonal,district,4,Bandarban,medium,0.5,123,11.13,0.4878,-0.0122,True
seasonal,district,4,Bandarban,medium,0.8,123,11.13,0.8699,0.0699,True
seasonal,district,4,Bandarban,medium,0.95,123,11.13,1.0,0.05,True
seasonal,district,4,Barguna,medium,0.5,123,106.6,0.2033,-0.2967,True
seasonal,district,4,Barguna,medium,0.8,123,106.6,0.6016,-0.1984,True
seasonal,district,4,Barguna,medium,0.95,123,106.6,0.9106,-0.0394,True
seasonal,district,4,Barishal,high,0.5,123,124.71,0.2927,-0.2073,True
seasonal,district,4,Barishal,high,0.8,123,124.71,0.6423,-0.1577,True
seasonal,district,4,Barishal,high,0.95,123,124.71,0.7561,-0.1939,True
seasonal,district,4,Bhola,medium,0.5,123,37.59,0.439,-0.061,True
seasonal,district,4,Bhola,medium,0.8,123,37.59,0.7073,-0.0927,True
seasonal,district,4,Bhola,medium,0.95,123,37.59,0.878,-0.072,True
seasonal,district,4,Bogura,low,0.5,123,18.24,0.5691,0.0691,True
seasonal,district,4,Bogura,low,0.8,123,18.24,0.5854,-0.2146,True
seasonal,district,4,Bogura,low,0.95,123,18.24,0.7805,-0.1695,True
seasonal,district,4,Brahmanbaria,low,0.5,123,16.54,0.5854,0.0854,True
seasonal,district,4,Brahmanbaria,low,0.8,123,16.54,0.7236,-0.0764,True
seasonal,district,4,Brahmanbaria,low,0.95,123,16.54,0.8455,-0.1045,True
seasonal,district,4,Chandpur,medium,0.5,123,62.03,0.2114,-0.2886,True
seasonal,district,4,Chandpur,medium,0.8,123,62.03,0.6585,-0.1415,True
seasonal,district,4,Chandpur,medium,0.95,123,62.03,0.8293,-0.1207,True
seasonal,district,4,Chapai Nawabganj,low,0.5,123,24.97,0.5041,0.0041,True
seasonal,district,4,Chapai Nawabganj,low,0.8,123,24.97,0.6423,-0.1577,True
seasonal,district,4,Chapai Nawabganj,low,0.95,123,24.97,0.8618,-0.0882,True
seasonal,district,4,Chattogram,high,0.5,123,151.28,0.2764,-0.2236,True
seasonal,district,4,Chattogram,high,0.8,123,151.28,0.5122,-0.2878,True
seasonal,district,4,Chattogram,high,0.95,123,151.28,0.7724,-0.1776,True
seasonal,district,4,Chuadanga,low,0.5,123,8.55,0.6829,0.1829,True
seasonal,district,4,Chuadanga,low,0.8,123,8.55,0.813,0.013,True
seasonal,district,4,Chuadanga,low,0.95,123,8.55,0.8618,-0.0882,True
seasonal,district,4,Cox's Bazar,high,0.5,123,57.12,0.3333,-0.1667,True
seasonal,district,4,Cox's Bazar,high,0.8,123,57.12,0.748,-0.052,True
seasonal,district,4,Cox's Bazar,high,0.95,123,57.12,1.0,0.05,True
seasonal,district,4,Cumilla,medium,0.5,123,63.64,0.3659,-0.1341,True
seasonal,district,4,Cumilla,medium,0.8,123,63.64,0.6667,-0.1333,True
seasonal,district,4,Cumilla,medium,0.95,123,63.64,0.8699,-0.0801,True
seasonal,district,4,Dhaka,high,0.5,123,1192.32,0.065,-0.435,True
seasonal,district,4,Dhaka,high,0.8,123,1192.32,0.3333,-0.4667,True
seasonal,district,4,Dhaka,high,0.95,123,1192.32,0.4959,-0.4541,True
seasonal,district,4,Dinajpur,low,0.5,123,7.89,0.5772,0.0772,True
seasonal,district,4,Dinajpur,low,0.8,123,7.89,0.7073,-0.0927,True
seasonal,district,4,Dinajpur,low,0.95,123,7.89,0.8211,-0.1289,True
seasonal,district,4,Faridpur,medium,0.5,123,69.28,0.4797,-0.0203,True
seasonal,district,4,Faridpur,medium,0.8,123,69.28,0.6341,-0.1659,True
seasonal,district,4,Faridpur,medium,0.95,123,69.28,0.7642,-0.1858,True
seasonal,district,4,Feni,medium,0.5,123,21.39,0.439,-0.061,True
seasonal,district,4,Feni,medium,0.8,123,21.39,0.7724,-0.0276,True
seasonal,district,4,Feni,medium,0.95,123,21.39,0.9431,-0.0069,True
seasonal,district,4,Gaibandha,low,0.5,123,9.9,0.6748,0.1748,True
seasonal,district,4,Gaibandha,low,0.8,123,9.9,0.7967,-0.0033,True
seasonal,district,4,Gaibandha,low,0.95,123,9.9,0.878,-0.072,True
seasonal,district,4,Gazipur,medium,0.5,123,85.44,0.3496,-0.1504,True
seasonal,district,4,Gazipur,medium,0.8,123,85.44,0.626,-0.174,True
seasonal,district,4,Gazipur,medium,0.95,123,85.44,0.7886,-0.1614,True
seasonal,district,4,Gopalganj,low,0.5,123,27.75,0.6016,0.1016,True
seasonal,district,4,Gopalganj,low,0.8,123,27.75,0.6504,-0.1496,True
seasonal,district,4,Gopalganj,low,0.95,123,27.75,0.7886,-0.1614,True
seasonal,district,4,Habiganj,low,0.5,123,5.41,0.8211,0.3211,True
seasonal,district,4,Habiganj,low,0.8,123,5.41,0.9106,0.1106,True
seasonal,district,4,Habiganj,low,0.95,123,5.41,0.9268,-0.0232,True
seasonal,district,4,Jamalpur,low,0.5,123,19.45,0.5528,0.0528,True
seasonal,district,4,Jamalpur,low,0.8,123,19.45,0.6748,-0.1252,True
seasonal,district,4,Jamalpur,low,0.95,123,19.45,0.8862,-0.0638,True
seasonal,district,4,Jashore,medium,0.5,123,50.72,0.4472,-0.0528,True
seasonal,district,4,Jashore,medium,0.8,123,50.72,0.6504,-0.1496,True
seasonal,district,4,Jashore,medium,0.95,123,50.72,0.8618,-0.0882,True
seasonal,district,4,Jhalokati,low,0.5,123,12.7,0.6423,0.1423,True
seasonal,district,4,Jhalokati,low,0.8,123,12.7,0.813,0.013,True
seasonal,district,4,Jhalokati,low,0.95,123,12.7,0.8699,-0.0801,True
seasonal,district,4,Jhenaidah,low,0.5,123,38.73,0.5528,0.0528,True
seasonal,district,4,Jhenaidah,low,0.8,123,38.73,0.6179,-0.1821,True
seasonal,district,4,Jhenaidah,low,0.95,123,38.73,0.7398,-0.2102,True
seasonal,district,4,Joypurhat,low,0.5,123,2.45,0.7805,0.2805,True
seasonal,district,4,Joypurhat,low,0.8,123,2.45,0.813,0.013,True
seasonal,district,4,Joypurhat,low,0.95,123,2.45,0.9431,-0.0069,True
seasonal,district,4,Khagrachhari,low,0.5,123,9.83,0.6098,0.1098,True
seasonal,district,4,Khagrachhari,low,0.8,123,9.83,0.7805,-0.0195,True
seasonal,district,4,Khagrachhari,low,0.95,123,9.83,0.9187,-0.0313,True
seasonal,district,4,Khulna,medium,0.5,123,72.78,0.3171,-0.1829,True
seasonal,district,4,Khulna,medium,0.8,123,72.78,0.6341,-0.1659,True
seasonal,district,4,Khulna,medium,0.95,123,72.78,0.7724,-0.1776,True
seasonal,district,4,Kishoreganj,medium,0.5,123,21.9,0.4309,-0.0691,True
seasonal,district,4,Kishoreganj,medium,0.8,123,21.9,0.878,0.078,True
seasonal,district,4,Kishoreganj,medium,0.95,123,21.9,0.9756,0.0256,True
seasonal,district,4,Kurigram,low,0.5,123,6.44,0.6829,0.1829,True
seasonal,district,4,Kurigram,low,0.8,123,6.44,0.8049,0.0049,True
seasonal,district,4,Kurigram,low,0.95,123,6.44,0.9024,-0.0476,True
seasonal,district,4,Kushtia,medium,0.5,123,43.49,0.4797,-0.0203,True
seasonal,district,4,Kushtia,medium,0.8,123,43.49,0.6829,-0.1171,True
seasonal,district,4,Kushtia,medium,0.95,123,43.49,0.8455,-0.1045,True
seasonal,district,4,Lakshmipur,low,0.5,123,61.8,0.4228,-0.0772,True
seasonal,district,4,Lakshmipur,low,0.8,123,61.8,0.4797,-0.3203,True
seasonal,district,4,Lakshmipur,low,0.95,123,61.8,0.6748,-0.2752,True
seasonal,district,4,Lalmonirhat,low,0.5,123,3.23,0.813,0.313,True
seasonal,district,4,Lalmonirhat,low,0.8,123,3.23,0.878,0.078,True
seasonal,district,4,Lalmonirhat,low,0.95,123,3.23,0.9756,0.0256,True
seasonal,district,4,Madaripur,medium,0.5,123,54.47,0.3902,-0.1098,True
seasonal,district,4,Madaripur,medium,0.8,123,54.47,0.6504,-0.1496,True
seasonal,district,4,Madaripur,medium,0.95,123,54.47,0.8211,-0.1289,True
seasonal,district,4,Magura,low,0.5,123,44.71,0.5122,0.0122,True
seasonal,district,4,Magura,low,0.8,123,44.71,0.561,-0.239,True
seasonal,district,4,Magura,low,0.95,123,44.71,0.7317,-0.2183,True
seasonal,district,4,Manikganj,medium,0.5,123,122.98,0.3415,-0.1585,True
seasonal,district,4,Manikganj,medium,0.8,123,122.98,0.6585,-0.1415,True
seasonal,district,4,Manikganj,medium,0.95,123,122.98,0.7317,-0.2183,True
seasonal,district,4,Meherpur,low,0.5,123,21.24,0.6098,0.1098,True
seasonal,district,4,Meherpur,low,0.8,123,21.24,0.6911,-0.1089,True
seasonal,district,4,Meherpur,low,0.95,123,21.24,0.8293,-0.1207,True
seasonal,district,4,Moulvibazar,low,0.5,123,1.23,0.7805,0.2805,True
seasonal,district,4,Moulvibazar,low,0.8,123,1.23,0.7886,-0.0114,True
seasonal,district,4,Moulvibazar,low,0.95,123,1.23,0.9756,0.0256,True
seasonal,district,4,Munshiganj,low,0.5,123,21.58,0.5447,0.0447,True
seasonal,district,4,Munshiganj,low,0.8,123,21.58,0.6179,-0.1821,True
seasonal,district,4,Munshiganj,low,0.95,123,21.58,0.8211,-0.1289,True
seasonal,district,4,Mymensingh,medium,0.5,123,38.51,0.3333,-0.1667,True
seasonal,district,4,Mymensingh,medium,0.8,123,38.51,0.6179,-0.1821,True
seasonal,district,4,Mymensingh,medium,0.95,123,38.51,0.8374,-0.1126,True
seasonal,district,4,Naogaon,low,0.5,123,8.29,0.626,0.126,True
seasonal,district,4,Naogaon,low,0.8,123,8.29,0.748,-0.052,True
seasonal,district,4,Naogaon,low,0.95,123,8.29,0.9106,-0.0394,True
seasonal,district,4,Narail,medium,0.5,123,27.91,0.4634,-0.0366,True
seasonal,district,4,Narail,medium,0.8,123,27.91,0.7236,-0.0764,True
seasonal,district,4,Narail,medium,0.95,123,27.91,0.9106,-0.0394,True
seasonal,district,4,Narayanganj,medium,0.5,123,37.38,0.4634,-0.0366,True
seasonal,district,4,Narayanganj,medium,0.8,123,37.38,0.7724,-0.0276,True
seasonal,district,4,Narayanganj,medium,0.95,123,37.38,0.9837,0.0337,True
seasonal,district,4,Narsingdi,low,0.5,123,48.62,0.4634,-0.0366,True
seasonal,district,4,Narsingdi,low,0.8,123,48.62,0.5528,-0.2472,True
seasonal,district,4,Narsingdi,low,0.95,123,48.62,0.7317,-0.2183,True
seasonal,district,4,Natore,low,0.5,123,11.24,0.6423,0.1423,True
seasonal,district,4,Natore,low,0.8,123,11.24,0.7967,-0.0033,True
seasonal,district,4,Natore,low,0.95,123,11.24,0.878,-0.072,True
seasonal,district,4,Netrokona,low,0.5,123,8.84,0.6585,0.1585,True
seasonal,district,4,Netrokona,low,0.8,123,8.84,0.8049,0.0049,True
seasonal,district,4,Netrokona,low,0.95,123,8.84,0.9024,-0.0476,True
seasonal,district,4,Nilphamari,low,0.5,123,8.73,0.6423,0.1423,True
seasonal,district,4,Nilphamari,low,0.8,123,8.73,0.7967,-0.0033,True
seasonal,district,4,Nilphamari,low,0.95,123,8.73,0.9106,-0.0394,True
seasonal,district,4,Noakhali,low,0.5,123,20.22,0.6016,0.1016,True
seasonal,district,4,Noakhali,low,0.8,123,20.22,0.6911,-0.1089,True
seasonal,district,4,Noakhali,low,0.95,123,20.22,0.8374,-0.1126,True
seasonal,district,4,Pabna,medium,0.5,123,34.57,0.4715,-0.0285,True
seasonal,district,4,Pabna,medium,0.8,123,34.57,0.6829,-0.1171,True
seasonal,district,4,Pabna,medium,0.95,123,34.57,0.8943,-0.0557,True
seasonal,district,4,Panchagarh,low,0.5,123,2.24,0.8374,0.3374,True
seasonal,district,4,Panchagarh,low,0.8,123,2.24,0.8618,0.0618,True
seasonal,district,4,Panchagarh,low,0.95,123,2.24,0.9756,0.0256,True
seasonal,district,4,Patuakhali,medium,0.5,123,86.89,0.3089,-0.1911,True
seasonal,district,4,Patuakhali,medium,0.8,123,86.89,0.6341,-0.1659,True
seasonal,district,4,Patuakhali,medium,0.95,123,86.89,0.8049,-0.1451,True
seasonal,district,4,Pirojpur,medium,0.5,123,72.7,0.3496,-0.1504,True
seasonal,district,4,Pirojpur,medium,0.8,123,72.7,0.6423,-0.1577,True
seasonal,district,4,Pirojpur,medium,0.95,123,72.7,0.7236,-0.2264,True
seasonal,district,4,Rajbari,low,0.5,123,35.8,0.5285,0.0285,True
seasonal,district,4,Rajbari,low,0.8,123,35.8,0.5691,-0.2309,True
seasonal,district,4,Rajbari,low,0.95,123,35.8,0.748,-0.202,True
seasonal,district,4,Rajshahi,medium,0.5,123,50.31,0.5041,0.0041,True
seasonal,district,4,Rajshahi,medium,0.8,123,50.31,0.6667,-0.1333,True
seasonal,district,4,Rajshahi,medium,0.95,123,50.31,0.7805,-0.1695,True
seasonal,district,4,Rangamati,low,0.5,123,5.41,0.6911,0.1911,True
seasonal,district,4,Rangamati,low,0.8,123,5.41,0.8049,0.0049,True
seasonal,district,4,Rangamati,low,0.95,123,5.41,0.9268,-0.0232,True
seasonal,district,4,Rangpur,low,0.5,123,11.37,0.5935,0.0935,True
seasonal,district,4,Rangpur,low,0.8,123,11.37,0.7236,-0.0764,True
seasonal,district,4,Rangpur,low,0.95,123,11.37,0.8537,-0.0963,True
seasonal,district,4,Satkhira,low,0.5,123,13.76,0.5528,0.0528,True
seasonal,district,4,Satkhira,low,0.8,123,13.76,0.6585,-0.1415,True
seasonal,district,4,Satkhira,low,0.95,123,13.76,0.8293,-0.1207,True
seasonal,district,4,Shariatpur,low,0.5,123,29.96,0.4878,-0.0122,True
seasonal,district,4,Shariatpur,low,0.8,123,29.96,0.5854,-0.2146,True
seasonal,district,4,Shariatpur,low,0.95,123,29.96,0.7886,-0.1614,True
seasonal,district,4,Sherpur,low,0.5,123,12.41,0.6098,0.1098,True
seasonal,district,4,Sherpur,low,0.8,123,12.41,0.7154,-0.0846,True
seasonal,district,4,Sherpur,low,0.95,123,12.41,0.8618,-0.0882,True
seasonal,district,4,Sirajganj,low,0.5,123,39.28,0.5935,0.0935,True
seasonal,district,4,Sirajganj,low,0.8,123,39.28,0.626,-0.174,True
seasonal,district,4,Sirajganj,low,0.95,123,39.28,0.7236,-0.2264,True
seasonal,district,4,Sunamganj,low,0.5,123,1.02,0.8618,0.3618,True
seasonal,district,4,Sunamganj,low,0.8,123,1.02,0.8618,0.0618,True
seasonal,district,4,Sunamganj,low,0.95,123,1.02,0.9837,0.0337,True
seasonal,district,4,Sylhet,low,0.5,123,6.37,0.5447,0.0447,True
seasonal,district,4,Sylhet,low,0.8,123,6.37,0.6829,-0.1171,True
seasonal,district,4,Sylhet,low,0.95,123,6.37,0.8211,-0.1289,True
seasonal,district,4,Tangail,low,0.5,123,31.68,0.5285,0.0285,True
seasonal,district,4,Tangail,low,0.8,123,31.68,0.6585,-0.1415,True
seasonal,district,4,Tangail,low,0.95,123,31.68,0.8618,-0.0882,True
seasonal,district,4,Thakurgaon,low,0.5,123,3.28,0.7886,0.2886,True
seasonal,district,4,Thakurgaon,low,0.8,123,3.28,0.8618,0.0618,True
seasonal,district,4,Thakurgaon,low,0.95,123,3.28,0.9512,0.0012,True
