district,latitude,longitude,start,end,http_status,bytes,days_returned,sha256,url
Dhaka,23.7869,90.2508,20210601,20260731,200,126328,1887,e1b19f8584764ce185a5d26fa7763b64cc0be6cde3dbb6c74aec24ff03b04556,https://power.larc.nasa.gov/api/temporal/daily/point?parameters=PRECTOTCORR%2CT2M%2CT2M_MAX%2CRH2M&community=AG&longitude=90.2508&latitude=23.7869&start=20210601&end=20260731&format=JSON
Bagerhat,22.3698,89.7396,20210601,20260731,200,126387,1887,6661749e1b922f62ff6a078e3250289a7661414627b018250d75e39d85c3c507,https://power.larc.nasa.gov/api/temporal/daily/point?parameters=PRECTOTCORR%2CT2M%2CT2M_MAX%2CRH2M&community=AG&longitude=89.7396&latitude=22.3698&start=20210601&end=20260731&format=JSON
Bandarban,21.8071,92.3638,20210601,20260731,200,126345,1887,d1b4c9675e51d117f7f01798b29bbf99e62e63f28d4ad976d3d6ae24b3a9bae5,https://power.larc.nasa.gov/api/temporal/daily/point?parameters=PRECTOTCORR%2CT2M%2CT2M_MAX%2CRH2M&community=AG&longitude=92.3638&latitude=21.8071&start=20210601&end=20260731&format=JSON
Barguna,22.1411,90.1206,20210601,20260731,200,126520,1887,1df29faf6170fb7e7351ec935263bd96fb7ef9e798ad4e13e5baa38de307b0d9,https://power.larc.nasa.gov/api/temporal/daily/point?parameters=PRECTOTCORR%2CT2M%2CT2M_MAX%2CRH2M&community=AG&longitude=90.1206&latitude=22.1411&start=20210601&end=20260731&format=JSON
Barishal,22.8114,90.3414,20210601,20260731,200,126414,1887,e6b6cc7f1ee232e5a828012d1a542c68aa293c174ba3264e5c0e1496343f2c71,https://power.larc.nasa.gov/api/temporal/daily/point?parameters=PRECTOTCORR%2CT2M%2CT2M_MAX%2CRH2M&community=AG&longitude=90.3414&latitude=22.8114&start=20210601&end=20260731&format=JSON
Bhola,22.3358,90.7332,20210601,20260731,200,126485,1887,ef3b28c4d95ef06fa15d661330a49cedb8a776dcad7da9c59c8b98b6f58b00b8,https://power.larc.nasa.gov/api/temporal/daily/point?parameters=PRECTOTCORR%2CT2M%2CT2M_MAX%2CRH2M&community=AG&longitude=90.7332&latitude=22.3358&start=20210601&end=20260731&format=JSON
Bogura,24.8245,89.3788,20210601,20260731,200,126280,1887,4557524bdf7aca9bbf45e50d1f6f67a98aceb4cf43b2888eb41e39f1c615e63f,https://power.larc.nasa.gov/api/temporal/daily/point?parameters=PRECTOTCORR%2CT2M%2CT2M_MAX%2CRH2M&community=AG&longitude=89.3788&latitude=24.8245&start=20210601&end=20260731&format=JSON
Brahmanbaria,23.953,91.0835,20210601,20260731,200,126348,1887,2d06903b19c0a5ef0876cc10e534a92e4fe119e32effe0ce8c94dfcce20ff21f,https://power.larc.nasa.gov/api/temporal/daily/point?parameters=PRECTOTCORR%2CT2M%2CT2M_MAX%2CRH2M&community=AG&longitude=91.0835&latitude=23.953&start=20210601&end=20260731&format=JSON
Chandpur,23.2736,90.7712,20210601,20260731,200,126370,1887,c31097bdc233f57567e63933f09a28c2e1a5670569631ad163a90986080f13c9,https://power.larc.nasa.gov/api/temporal/daily/point?parameters=PRECTOTCORR%2CT2M%2CT2M_MAX%2CRH2M&community=AG&longitude=90.7712&latitude=23.2736&start=20210601&end=20260731&format=JSON
Chapai Nawabganj,24.7156,88.2641,20210601,20260731,200,125993,1887,a5e6becbe7ebc28aee249324cf701758255b469400c664e62563c4eac7663b8c,https://power.larc.nasa.gov/api/temporal/daily/point?parameters=PRECTOTCORR%2CT2M%2CT2M_MAX%2CRH2M&community=AG&longitude=88.2641&latitude=24.7156&start=20210601&end=20260731&format=JSON
Chattogram,22.4432,91.8343,20210601,20260731,200,126399,1887,2f9f39c890d12dc6334ca5e2823090850ea7ecaf17b47df244548e01e02a1567,https://power.larc.nasa.gov/api/temporal/daily/point?parameters=PRECTOTCORR%2CT2M%2CT2M_MAX%2CRH2M&community=AG&longitude=91.8343&latitude=22.4432&start=20210601&end=20260731&format=JSON
Chuadanga,23.6083,88.848,20210601,20260731,200,126102,1887,d73f331e52aab67fe0d4e72b663ab02591853803d4281e8655074aeb34cab107,https://power.larc.nasa.gov/api/temporal/daily/point?parameters=PRECTOTCORR%2CT2M%2CT2M_MAX%2CRH2M&community=AG&longitude=88.848&latitude=23.6083&start=20210601&end=20260731&format=JSON
Cox's Bazar,21.4836,92.0641,20210601,20260731,200,126623,1887,a9d1c0dc205e82ad666ed099b18f97d0ba71af8afdc0fc1224660c4a3da6aa8d,https://power.larc.nasa.gov/api/temporal/daily/point?parameters=PRECTOTCORR%2CT2M%2CT2M_MAX%2CRH2M&community=AG&longitude=92.0641&latitude=21.4836&start=20210601&end=20260731&format=JSON
Cumilla,23.4369,91.034,20210601,20260731,200,126343,1887,c97601b33fb52d88cb8da59599a76757fd2e38acc54e9af2a638ca4fa04b8b72,https://power.larc.nasa.gov/api/temporal/daily/point?parameters=PRECTOTCORR%2CT2M%2CT2M_MAX%2CRH2M&community=AG&longitude=91.034&latitude=23.4369&start=20210601&end=20260731&format=JSON
Dinajpur,25.6299,88.7869,20210601,20260731,200,126174,1887,5963403621b71b9f4fde140eba31bc8200695e5660325b1f26e88352a0578833,https://power.larc.nasa.gov/api/temporal/daily/point?parameters=PRECTOTCORR%2CT2M%2CT2M_MAX%2CRH2M&community=AG&longitude=88.7869&latitude=25.6299&start=20210601&end=20260731&format=JSON
Faridpur,23.4789,89.8388,20210601,20260731,200,126323,1887,1fb41dde744a6b8532caa6f26cd8877b0bd0906d5426de84283ae604d08e3630,https://power.larc.nasa.gov/api/temporal/daily/point?parameters=PRECTOTCORR%2CT2M%2CT2M_MAX%2CRH2M&community=AG&longitude=89.8388&latitude=23.4789&start=20210601&end=20260731&format=JSON
Feni,22.9993,91.4124,20210601,20260731,200,126480,1887,f7b932d0d0252ec688b4cccaf8df9809416e54b5d24f30078cb259ef69f9c162,https://power.larc.nasa.gov/api/temporal/daily/point?parameters=PRECTOTCORR%2CT2M%2CT2M_MAX%2CRH2M&community=AG&longitude=91.4124&latitude=22.9993&start=20210601&end=20260731&format=JSON
Gaibandha,25.2987,89.5059,20210601,20260731,200,126276,1887,f7cde6ccc00102354631417cf2434d3926a2030e6108f650b3f0e34768af5bb6,https://power.larc.nasa.gov/api/temporal/daily/point?parameters=PRECTOTCORR%2CT2M%2CT2M_MAX%2CRH2M&community=AG&longitude=89.5059&latitude=25.2987&start=20210601&end=20260731&format=JSON
Gazipur,24.0984,90.4449,20210601,20260731,200,126380,1887,68b0ce43e09f0b29462ded4d544125fbeb2c24636e6c2f8abc4795cd0962ee1b,https://power.larc.nasa.gov/api/temporal/daily/point?parameters=PRECTOTCORR%2CT2M%2CT2M_MAX%2CRH2M&community=AG&longitude=90.4449&latitude=24.0984&start=20210601&end=20260731&format=JSON
Gopalganj,23.1055,89.8995,20210601,20260731,200,126288,1887,1a46c349a3e8f3b0d116a4ea2eaf9aa0041c56327e1bf5c2d5dabcadf0bcd976,https://power.larc.nasa.gov/api/temporal/daily/point?parameters=PRECTOTCORR%2CT2M%2CT2M_MAX%2CRH2M&community=AG&longitude=89.8995&latitude=23.1055&start=20210601&end=20260731&format=JSON
Habiganj,24.3681,91.4303,20210601,20260731,200,126530,1887,0f25fd555314dabfbd537ca77e51867a50dbd684a1405b3384b5952a4030527f,https://power.larc.nasa.gov/api/temporal/daily/point?parameters=PRECTOTCORR%2CT2M%2CT2M_MAX%2CRH2M&community=AG&longitude=91.4303&latitude=24.3681&start=20210601&end=20260731&format=JSON
Jamalpur,24.9732,89.8463,20210601,20260731,200,126340,1887,ae7379cce35b80a4cfa05bd5d25ec85b76da5ecadad1f12f7710dc860448a83e,https://power.larc.nasa.gov/api/temporal/daily/point?parameters=PRECTOTCORR%2CT2M%2CT2M_MAX%2CRH2M&community=AG&longitude=89.8463&latitude=24.9732&start=20210601&end=20260731&format=JSON
Jashore,23.0898,89.1747,20210601,20260731,200,126219,1887,c186d404c742443a99bddf87b5ef843507d5baa305afdc8a85931a6b4ef32cce,https://power.larc.nasa.gov/api/temporal/daily/point?parameters=PRECTOTCORR%2CT2M%2CT2M_MAX%2CRH2M&community=AG&longitude=89.1747&latitude=23.0898&start=20210601&end=20260731&format=JSON
Jhalokati,22.5728,90.1839,20210601,20260731,200,126389,1887,6316b1ea644e2a694f14146c72866c054128c8fb8c85d362347591804efc8242,https://power.larc.nasa.gov/api/temporal/daily/point?parameters=PRECTOTCORR%2CT2M%2CT2M_MAX%2CRH2M&community=AG&longitude=90.1839&latitude=22.5728&start=20210601&end=20260731&format=JSON
Jhenaidah,23.4891,89.0874,20210601,20260731,200,126173,1887,9857196b928e5663b26619a8d5d643a7dd20b2cb7318ed8fb75bfe5632a67049,https://power.larc.nasa.gov/api/temporal/daily/point?parameters=PRECTOTCORR%2CT2M%2CT2M_MAX%2CRH2M&community=AG&longitude=89.0874&latitude=23.4891&start=20210601&end=20260731&format=JSON
Joypurhat,25.0927,89.0829,20210601,20260731,200,126280,1887,adbb5c8f3f60e915200b2b43c852340060a9227eefe7b1f0152d85ebf6cb65df,https://power.larc.nasa.gov/api/temporal/daily/point?parameters=PRECTOTCORR%2CT2M%2CT2M_MAX%2CRH2M&community=AG&longitude=89.0829&latitude=25.0927&start=20210601&end=20260731&format=JSON
Khagrachhari,23.1642,91.9521,20210601,20260731,200,126430,1887,128e30a10877c67a7b6360cbfb283d51ad1aeb133e483cdf5ab86738892dbdc5,https://power.larc.nasa.gov/api/temporal/daily/point?parameters=PRECTOTCORR%2CT2M%2CT2M_MAX%2CRH2M&community=AG&longitude=91.9521&latitude=23.1642&start=20210601&end=20260731&format=JSON
Khulna,22.4711,89.4478,20210601,20260731,200,126234,1887,c1159f2e435b71df4b2b0bbe63892e51bb1839a31d2664e21324b632a3974cc2,https://power.larc.nasa.gov/api/temporal/daily/point?parameters=PRECTOTCORR%2CT2M%2CT2M_MAX%2CRH2M&community=AG&longitude=89.4478&latitude=22.4711&start=20210601&end=20260731&format=JSON
Kishoreganj,24.3762,90.9423,20210601,20260731,200,126531,1887,6a418e51e76b1642b24f939d27a823f2f7ae18ebd99e78d89725483aa2d26428,https://power.larc.nasa.gov/api/temporal/daily/point?parameters=PRECTOTCORR%2CT2M%2CT2M_MAX%2CRH2M&community=AG&longitude=90.9423&latitude=24.3762&start=20210601&end=20260731&format=JSON
Kurigram,25.7921,89.6947,20210601,20260731,200,126260,1887,b848f89a89ca62e8811030eb42c5c96f91abfeee7cd11de7e83f723b75b03e19,https://power.larc.nasa.gov/api/temporal/daily/point?parameters=PRECTOTCORR%2CT2M%2CT2M_MAX%2CRH2M&community=AG&longitude=89.6947&latitude=25.7921&start=20210601&end=20260731&format=JSON
Kushtia,23.9229,89.022,20210601,20260731,200,126091,1887,c0078e08340511c878afdf80400992419dacbb5c05180a57c24c249dbc89f614,https://power.larc.nasa.gov/api/temporal/daily/point?parameters=PRECTOTCORR%2CT2M%2CT2M_MAX%2CRH2M&community=AG&longitude=89.022&latitude=23.9229&start=20210601&end=20260731&format=JSON
Lakshmipur,22.8917,90.8559,20210601,20260731,200,126414,1887,dc52066f9223ed93e76de71a535f31399f6530d5ffc97cd553b72b0c905f501b,https://power.larc.nasa.gov/api/temporal/daily/point?parameters=PRECTOTCORR%2CT2M%2CT2M_MAX%2CRH2M&community=AG&longitude=90.8559&latitude=22.8917&start=20210601&end=20260731&format=JSON
Lalmonirhat,26.0631,89.2358,20210601,20260731,200,126279,1887,78735b1eb334fbb37fc456ae618cb4a59396ed6fa843226b53d0a17cc96fed96,https://power.larc.nasa.gov/api/temporal/daily/point?parameters=PRECTOTCORR%2CT2M%2CT2M_MAX%2CRH2M&community=AG&longitude=89.2358&latitude=26.0631&start=20210601&end=20260731&format=JSON
Madaripur,23.2182,90.1651,20210601,20260731,200,126290,1887,2f3b31e76a85e03f5f4644c984b52099ab55cc9561bb75395aebbebf72ec642d,https://power.larc.nasa.gov/api/temporal/daily/point?parameters=PRECTOTCORR%2CT2M%2CT2M_MAX%2CRH2M&community=AG&longitude=90.1651&latitude=23.2182&start=20210601&end=20260731&format=JSON
Magura,23.4432,89.4337,20210601,20260731,200,126173,1887,9dd55e6c92a9068ae912d499b8ace342f9e3b57d2db6182c8bed400838ea3530,https://power.larc.nasa.gov/api/temporal/daily/point?parameters=PRECTOTCORR%2CT2M%2CT2M_MAX%2CRH2M&community=AG&longitude=89.4337&latitude=23.4432&start=20210601&end=20260731&format=JSON
Manikganj,23.844,89.9496,20210601,20260731,200,126327,1887,9511bcf5178d2f2b75da88c8dde6200c5989736744213c6750e1efe00eb11dca,https://power.larc.nasa.gov/api/temporal/daily/point?parameters=PRECTOTCORR%2CT2M%2CT2M_MAX%2CRH2M&community=AG&longitude=89.9496&latitude=23.844&start=20210601&end=20260731&format=JSON
Meherpur,23.794,88.7071,20210601,20260731,200,126091,1887,6251d1395ab5d97e2cd43e9c8554b6962b8cc4cb859c74ff0a839900e167cdc3,https://power.larc.nasa.gov/api/temporal/daily/point?parameters=PRECTOTCORR%2CT2M%2CT2M_MAX%2CRH2M&community=AG&longitude=88.7071&latitude=23.794&start=20210601&end=20260731&format=JSON
Moulvibazar,24.4804,91.9154,20210601,20260731,200,126511,1887,4336c8d9a17d978e26eef2ce7588e193b15a99bc90789797db2901afcd1aae10,https://power.larc.nasa.gov/api/temporal/daily/point?parameters=PRECTOTCORR%2CT2M%2CT2M_MAX%2CRH2M&community=AG&longitude=91.9154&latitude=24.4804&start=20210601&end=20260731&format=JSON
Munshiganj,23.5258,90.4173,20210601,20260731,200,126370,1887,98d8492c5f5905b6dfec162220b46f1dafe5e3eb56818dcbc01ae4dc406a86c1,https://power.larc.nasa.gov/api/temporal/daily/point?parameters=PRECTOTCORR%2CT2M%2CT2M_MAX%2CRH2M&community=AG&longitude=90.4173&latitude=23.5258&start=20210601&end=20260731&format=JSON
Mymensingh,24.6991,90.4286,20210601,20260731,200,126448,1887,f958340f1210b5e99caf94a69819943d1b21eb0dfa9bac658fbad8a79c349bb7,https://power.larc.nasa.gov/api/temporal/daily/point?parameters=PRECTOTCORR%2CT2M%2CT2M_MAX%2CRH2M&community=AG&longitude=90.4286&latitude=24.6991&start=20210601&end=20260731&format=JSON
Naogaon,24.8996,88.7516,20210601,20260731,200,126134,1887,224ace0d6da0277315a464785318e5178eec15d9669c46bef8f74fd19919cd75,https://power.larc.nasa.gov/api/temporal/daily/point?parameters=PRECTOTCORR%2CT2M%2CT2M_MAX%2CRH2M&community=AG&longitude=88.7516&latitude=24.8996&start=20210601&end=20260731&format=JSON
Narail,23.1301,89.5801,20210601,20260731,200,126218,1887,2208206bab042084748da4ec35811a911c2972198386db019a1b69de67abf9c5,https://power.larc.nasa.gov/api/temporal/daily/point?parameters=PRECTOTCORR%2CT2M%2CT2M_MAX%2CRH2M&community=AG&longitude=89.5801&latitude=23.1301&start=20210601&end=20260731&format=JSON
Narayanganj,23.7232,90.5781,20210601,20260731,200,126370,1887,141c9639b05ff6a0902ccc70b1c19d90e09e98877abd09ec521a5698a04be254,https://power.larc.nasa.gov/api/temporal/daily/point?parameters=PRECTOTCORR%2CT2M%2CT2M_MAX%2CRH2M&community=AG&longitude=90.5781&latitude=23.7232&start=20210601&end=20260731&format=JSON
Narsingdi,24.0024,90.7732,20210601,20260731,200,126380,1887,305194a95d9d4ceb7de9bfcf28adf539ad29d5b8bf23e7e5a897430e942acbe6,https://power.larc.nasa.gov/api/temporal/daily/point?parameters=PRECTOTCORR%2CT2M%2CT2M_MAX%2CRH2M&community=AG&longitude=90.7732&latitude=24.0024&start=20210601&end=20260731&format=JSON
Natore,24.3803,89.0868,20210601,20260731,200,126239,1887,b32f1a3301710d3f901a731459aba7f4d7cc7c0338ecd444c0b0da403f2a6d56,https://power.larc.nasa.gov/api/temporal/daily/point?parameters=PRECTOTCORR%2CT2M%2CT2M_MAX%2CRH2M&community=AG&longitude=89.0868&latitude=24.3803&start=20210601&end=20260731&format=JSON
Netrokona,24.8708,90.8446,20210601,20260731,200,126506,1887,982b16bb3e5d9bb7217573cb4d77652fbb2681f332430e1181af58f0d322321d,https://power.larc.nasa.gov/api/temporal/daily/point?parameters=PRECTOTCORR%2CT2M%2CT2M_MAX%2CRH2M&community=AG&longitude=90.8446&latitude=24.8708&start=20210601&end=20260731&format=JSON
Nilphamari,26.0247,88.9295,20210601,20260731,200,126299,1887,154e6af4dbe600c676551f69e8457d2124cc990eec27de3ee55680ac5462a085,https://power.larc.nasa.gov/api/temporal/daily/point?parameters=PRECTOTCORR%2CT2M%2CT2M_MAX%2CRH2M&community=AG&longitude=88.9295&latitude=26.0247&start=20210601&end=20260731&format=JSON
Noakhali,22.6941,91.1246,20210601,20260731,200,126533,1887,fe7631585f541025fa79798dae6493d719b8b90b1906969fe8eeddb81082ca67,https://power.larc.nasa.gov/api/temporal/daily/point?parameters=PRECTOTCORR%2CT2M%2CT2M_MAX%2CRH2M&community=AG&longitude=91.1246&latitude=22.6941&start=20210601&end=20260731&format=JSON
Pabna,24.0532,89.3853,20210601,20260731,200,126256,1887,e128b38dae66cfa8886217c8d79296122bcf7f4ce8d6fe6e764219ae05e7611a,https://power.larc.nasa.gov/api/temporal/daily/point?parameters=PRECTOTCORR%2CT2M%2CT2M_MAX%2CRH2M&community=AG&longitude=89.3853&latitude=24.0532&start=20210601&end=20260731&format=JSON
Panchagarh,26.2851,88.5755,20210601,20260731,200,126411,1887,816d52276160fc1c3c8c434ec0a838de6e1a8b977433ef913d4a9c8fe0e33574,https://power.larc.nasa.gov/api/temporal/daily/point?parameters=PRECTOTCORR%2CT2M%2CT2M_MAX%2CRH2M&community=AG&longitude=88.5755&latitude=26.2851&start=20210601&end=20260731&format=JSON
Patuakhali,22.1912,90.3989,20210601,20260731,200,126626,1887,51050382f3e227e315184443db537001ed87c068508e9468edac88c63628b60a,https://power.larc.nasa.gov/api/temporal/daily/point?parameters=PRECTOTCORR%2CT2M%2CT2M_MAX%2CRH2M&community=AG&longitude=90.3989&latitude=22.1912&start=20210601&end=20260731&format=JSON
Pirojpur,22.5337,89.9932,20210601,20260731,200,126389,1887,d01b1e68b4f5bd06d4b6e10d738bb09b5b19f2a124e0cb4ac01481ce48eec9e0,https://power.larc.nasa.gov/api/temporal/daily/point?parameters=PRECTOTCORR%2CT2M%2CT2M_MAX%2CRH2M&community=AG&longitude=89.9932&latitude=22.5337&start=20210601&end=20260731&format=JSON
Rajbari,23.7276,89.5615,20210601,20260731,200,126172,1887,d914f429b5c9f1897128b48dd08810d3d0b3b5bb2f773b572101111918ee1618,https://power.larc.nasa.gov/api/temporal/daily/point?parameters=PRECTOTCORR%2CT2M%2CT2M_MAX%2CRH2M&community=AG&longitude=89.5615&latitude=23.7276&start=20210601&end=20260731&format=JSON
Rajshahi,24.4658,88.6514,20210601,20260731,200,126067,1887,5908368db9002262ace7295015d49c1c1a61d9aac9ef2f5c96d83133069be91a,https://power.larc.nasa.gov/api/temporal/daily/point?parameters=PRECTOTCORR%2CT2M%2CT2M_MAX%2CRH2M&community=AG&longitude=88.6514&latitude=24.4658&start=20210601&end=20260731&format=JSON
Rangamati,22.83,92.2795,20210601,20260731,200,126419,1887,baeac0780f4f902e96c62e8c6091d433b1acf89efd76107eff413646a48369d8,https://power.larc.nasa.gov/api/temporal/daily/point?parameters=PRECTOTCORR%2CT2M%2CT2M_MAX%2CRH2M&community=AG&longitude=92.2795&latitude=22.83&start=20210601&end=20260731&format=JSON
Rangpur,25.6497,89.2368,20210601,20260731,200,126274,1887,9a9633149a9906cd8f6c94c2366cc096065413a3db7af77e35f7cf86c2fb743f,https://power.larc.nasa.gov/api/temporal/daily/point?parameters=PRECTOTCORR%2CT2M%2CT2M_MAX%2CRH2M&community=AG&longitude=89.2368&latitude=25.6497&start=20210601&end=20260731&format=JSON
Satkhira,22.3822,89.1367,20210601,20260731,200,126234,1887,3d74a9c4da698c64af96d3e22efbfe6caf090e0c05f734e0bf52ec9eb0bade87,https://power.larc.nasa.gov/api/temporal/daily/point?parameters=PRECTOTCORR%2CT2M%2CT2M_MAX%2CRH2M&community=AG&longitude=89.1367&latitude=22.3822&start=20210601&end=20260731&format=JSON
Shariatpur,23.2474,90.4084,20210601,20260731,200,126413,1887,e9dcf61f8a6bcae8caf9320cb816a3a2f17171cc4e79603dc7b38ff8ca92097a,https://power.larc.nasa.gov/api/temporal/daily/point?parameters=PRECTOTCORR%2CT2M%2CT2M_MAX%2CRH2M&community=AG&longitude=90.4084&latitude=23.2474&start=20210601&end=20260731&format=JSON
Sherpur,25.0823,90.0745,20210601,20260731,200,126340,1887,d3ea8dfbb0e04565ed5eab96dc55b92be905f0e8725e4dc07fc505bdd215c215,https://power.larc.nasa.gov/api/temporal/daily/point?parameters=PRECTOTCORR%2CT2M%2CT2M_MAX%2CRH2M&community=AG&longitude=90.0745&latitude=25.0823&start=20210601&end=20260731&format=JSON
Sirajganj,24.3916,89.5996,20210601,20260731,200,126238,1887,aa0842baec0f49eeb7d524d7c6444c647a1688bd0b5f8e2619958caaf1995920,https://power.larc.nasa.gov/api/temporal/daily/point?parameters=PRECTOTCORR%2CT2M%2CT2M_MAX%2CRH2M&community=AG&longitude=89.5996&latitude=24.3916&start=20210601&end=20260731&format=JSON
Sunamganj,24.9386,91.346,20210601,20260731,200,126572,1887,9dd3cb0200bfab760060f9bb480522b4bc0fc796e2c58b9965bf7f46d92707ec,https://power.larc.nasa.gov/api/temporal/daily/point?parameters=PRECTOTCORR%2CT2M%2CT2M_MAX%2CRH2M&community=AG&longitude=91.346&latitude=24.9386&start=20210601&end=20260731&format=JSON
Sylhet,24.9192,91.9873,20210601,20260731,200,126507,1887,84e326f4fac80a0bca18091b4fa9dbd5f517ad0a7195076ef77caf70bfac6483,https://power.larc.nasa.gov/api/temporal/daily/point?parameters=PRECTOTCORR%2CT2M%2CT2M_MAX%2CRH2M&community=AG&longitude=91.9873&latitude=24.9192&start=20210601&end=20260731&format=JSON
Tangail,24.3563,89.9986,20210601,20260731,200,126350,1887,fce2e893e79954937e81d3d535b00d4312cacf27590884afa2f8feaa8e05cb7a,https://power.larc.nasa.gov/api/temporal/daily/point?parameters=PRECTOTCORR%2CT2M%2CT2M_MAX%2CRH2M&community=AG&longitude=89.9986&latitude=24.3563&start=20210601&end=20260731&format=JSON
Thakurgaon,25.9906,88.3456,20210601,20260731,200,126209,1887,e45329280c3a070a1f2294113b165dbb4f76f53801cc10eed880c1591f5c5409,https://power.larc.nasa.gov/api/temporal/daily/point?parameters=PRECTOTCORR%2CT2M%2CT2M_MAX%2CRH2M&community=AG&longitude=88.3456&latitude=25.9906&start=20210601&end=20260731&format=JSON
